IDLabel,IDSortStorage,SortDescrLabel,SubCtegoryLabel,Compotiton,DateExpiry,DateProduction,LN,Producer,Allergies,NetWeigth,Text2,Text3,No1,No2,No3,Date1,Date2,Memo1,YesNo1,YesNo2
7007,"10001","ΑΡΤΟΠ/ΣΜΑ Τ.ΦΑΡΙΝΑ ΚΑΤΕΡΙΝΗΣ","10-Ψωμιά","ΑΛΕΥΡΙ ΣΙΤΟΥΝΕΡΟ ΜΑΓΙΑ ΑΛΑΤΙ
ΦΥΤΙΚΑ ΛΙΠΑΡΑ ΖΑΧΑΡΗ
ΓΑΛ/ΤΗΣ Ε472e ΞΥΔΙ",,,,"ΑΡΤΟΣ ΕΦΕΣΟΥ","Ενδέχεται να περιέχει ίχνη Γάλακτος,ξηρων καρπών,αραχίδων,σόγιας,σπανακιού,αυγού",,,,0.0000000000000000e+00,0.0000000000000000e+00,0.0000000000000000e+00,,,,0,0
7008,"10002","ΑΡΤΟΠ/ΣΜΑ Τ.ΧΩΡΙΑΤΙΚΟ","10-Ψωμιά",,,,,"ΑΡΤΟΣ ΕΦΕΣΟΥ","Ενδέχεται να περιέχει ίχνη Γάλακτος,ξηρων καρπών,αραχίδων,σόγιας,σπανακιού,αυγού",,,,0.0000000000000000e+00,0.0000000000000000e+00,0.0000000000000000e+00,,,,0,0
7009,"10003","ΑΡΤΟΠ/ΣΜΑ Τ.ΦΑΡΙΝΑ","10-Ψωμιά",,,,,"ΑΡΤΟΣ ΕΦΕΣΟΥ","Ενδέχεται να περιέχει ίχνη Γάλακτος,ξηρων καρπών,αραχίδων,σόγιας,σπανακιού,αυγού",,,,0.0000000000000000e+00,0.0000000000000000e+00,0.0000000000000000e+00,,,,0,0
7010,"10004","ΑΡΤΟΠ/ΣΜΑ Τ.90%","10-Ψωμιά",,,,,"ΑΡΤΟΣ ΕΦΕΣΟΥ","Ενδέχεται να περιέχει ίχνη Γάλακτος,ξηρων καρπών,αραχίδων,σόγιας,σπανακιού,αυγού",,,,0.0000000000000000e+00,0.0000000000000000e+00,0.0000000000000000e+00,,,,0,0
7011,"10005","ΣΑΝΤΟΥΙΤΣ ΨΩΜΑΚΙ","10-Ψωμιά",,,,,"ΑΡΤΟΣ ΕΦΕΣΟΥ","Ενδέχεται να περιέχει ίχνη Γάλακτος,ξηρων καρπών,αραχίδων,σόγιας,σπανακιού,αυγού",,,,0.0000000000000000e+00,0.0000000000000000e+00,0.0000000000000000e+00,,,,0,0
7012,"10006","ΚΟΥΛΟΥΡΙ ΘΕΣΣΑΛΟΝΙΚΗΣ","10-Ψωμιά",,,,,"ΑΡΤΟΣ ΕΦΕΣΟΥ","Ενδέχεται να περιέχει ίχνη Γάλακτος,ξηρων καρπών,αραχίδων,σόγιας,σπανακιού,αυγού",,,,0.0000000000000000e+00,0.0000000000000000e+00,0.0000000000000000e+00,,,,0,0
7013,"10010","ΝΤΟΝΑΤΣ","10-Ψωμιά",,,,,"ΑΡΤΟΣ ΕΦΕΣΟΥ","Ενδέχεται να περιέχει ίχνη Γάλακτος,ξηρων καρπών,αραχίδων,σόγιας,σπανακιού,αυγού",,,,0.0000000000000000e+00,0.0000000000000000e+00,0.0000000000000000e+00,,,,0,0
7015,"10012","ΚΟΥΛΟΥΡΙ ΜΕΡΕΝΤΑ","10-Ψωμιά",,,,,"ΑΡΤΟΣ ΕΦΕΣΟΥ","Ενδέχεται να περιέχει ίχνη Γάλακτος,ξηρων καρπών,αραχίδων,σόγιας,σπανακιού,αυγού",,,,0.0000000000000000e+00,0.0000000000000000e+00,0.0000000000000000e+00,,,,0,0
7016,"10013","ΛΕΙΤΟΥΡΓΙΕΣ","10-Ψωμιά",,,,,"ΑΡΤΟΣ ΕΦΕΣΟΥ","Ενδέχεται να περιέχει ίχνη Γάλακτος,ξηρων καρπών,αραχίδων,σόγιας,σπανακιού,αυγού",,,,0.0000000000000000e+00,0.0000000000000000e+00,0.0000000000000000e+00,,,,0,0
7017,"10014","ΑΡΤΟΠ/ΣΜΑ Τ.ΓΑΛΛΙΚΗ ΜΠΑΚΕΤΑ","10-Ψωμιά",,,,,"ΑΡΤΟΣ ΕΦΕΣΟΥ","Ενδέχεται να περιέχει ίχνη Γάλακτος,ξηρων καρπών,αραχίδων,σόγιας,σπανακιού,αυγού",,,,0.0000000000000000e+00,0.0000000000000000e+00,0.0000000000000000e+00,,,,0,0
7018,"10015","ΑΡΤΟΠ/ΣΜΑ Τ. ΛΑΓΑΝΑ","10-Ψωμιά",,,,,"ΑΡΤΟΣ ΕΦΕΣΟΥ","Ενδέχεται να περιέχει ίχνη Γάλακτος,ξηρων καρπών,αραχίδων,σόγιας,σπανακιού,αυγού",,,,0.0000000000000000e+00,0.0000000000000000e+00,0.0000000000000000e+00,,,,0,0
7019,"10016","ΑΡΤΟΠ/ΣΜΑ Τ.ΦΡΑΝΤΖΟΛΑΚΙ","10-Ψωμιά",,,,,"ΑΡΤΟΣ ΕΦΕΣΟΥ","Ενδέχεται να περιέχει ίχνη Γάλακτος,ξηρων καρπών,αραχίδων,σόγιας,σπανακιού,αυγού",,,,0.0000000000000000e+00,0.0000000000000000e+00,0.0000000000000000e+00,,,,0,0
7020,"10017","ΑΡΤΟΠ/ΜΑ ΜΠΑΚΕΤΑΚΙ ΜΑΥΡΟ","10-Ψωμιά",,,,,"ΑΡΤΟΣ ΕΦΕΣΟΥ","Ενδέχεται να περιέχει ίχνη Γάλακτος,ξηρων καρπών,αραχίδων,σόγιας,σπανακιού,αυγού",,,,0.0000000000000000e+00,0.0000000000000000e+00,0.0000000000000000e+00,,,,0,0
7021,"10018","ΑΡΤΟΠ/ΣΜΑ Τ.ΠΙΝΑΚΩΤΙ 350gr(χειροποιητο)","10-Ψωμιά",,,,,"ΑΡΤΟΣ ΕΦΕΣΟΥ","Ενδέχεται να περιέχει ίχνη Γάλακτος,ξηρων καρπών,αραχίδων,σόγιας,σπανακιού,αυγού",,,,0.0000000000000000e+00,0.0000000000000000e+00,0.0000000000000000e+00,,,,0,0
7022,"10019","ΑΡΤΟΠ/ΣΜΑ Τ.ΣΙΜΙΓΔΑΛΙ","10-Ψωμιά",,,,,"ΑΡΤΟΣ ΕΦΕΣΟΥ","Ενδέχεται να περιέχει ίχνη Γάλακτος,ξηρων καρπών,αραχίδων,σόγιας,σπανακιού,αυγού",,,,0.0000000000000000e+00,0.0000000000000000e+00,0.0000000000000000e+00,,,,0,0
7023,"10020","ΑΡΤΟΠ/ΣΜΑ Τ.ΤΣΙΑΠΑΤΑ ΦΟΡΜΑΚΙ","10-Ψωμιά",,,,,"ΑΡΤΟΣ ΕΦΕΣΟΥ","Ενδέχεται να περιέχει ίχνη Γάλακτος,ξηρων καρπών,αραχίδων,σόγιας,σπανακιού,αυγού",,,,0.0000000000000000e+00,0.0000000000000000e+00,0.0000000000000000e+00,,,,0,0
7024,"10021","ΑΡΤΟΠ/ΣΜΑ Τ.ΧΩΡΙΑΤΙΚΟ ΜΠΑΓΚΕΤΑΚΙ","10-Ψωμιά",,,,,"ΑΡΤΟΣ ΕΦΕΣΟΥ","Ενδέχεται να περιέχει ίχνη Γάλακτος,ξηρων καρπών,αραχίδων,σόγιας,σπανακιού,αυγού",,,,0.0000000000000000e+00,0.0000000000000000e+00,0.0000000000000000e+00,,,,0,0
7025,"10022","ΑΡΤΟΠ/ΣΜΑ Τ.ΜΑΡΓΑΡΙΤΑ","10-Ψωμιά",,,,,"ΑΡΤΟΣ ΕΦΕΣΟΥ","Ενδέχεται να περιέχει ίχνη Γάλακτος,ξηρων καρπών,αραχίδων,σόγιας,σπανακιού,αυγού",,,,0.0000000000000000e+00,0.0000000000000000e+00,0.0000000000000000e+00,,,,0,0
7026,"10024","ΑΡΤΟΠ/ΣΜΑ Τ.ΜΠΑΚΕΤΑΚΙ ΠΙΤΣΑΡΙΑΣ","10-Ψωμιά",,,,,"ΑΡΤΟΣ ΕΦΕΣΟΥ","Ενδέχεται να περιέχει ίχνη Γάλακτος,ξηρων καρπών,αραχίδων,σόγιας,σπανακιού,αυγού",,,,0.0000000000000000e+00,0.0000000000000000e+00,0.0000000000000000e+00,,,,0,0
7027,"10025","ΑΡΤΟΠ/ΣΜΑ Τ.ΛΑΔΕΡΟ","10-Ψωμιά",,,,,"ΑΡΤΟΣ ΕΦΕΣΟΥ","Ενδέχεται να περιέχει ίχνη Γάλακτος,ξηρων καρπών,αραχίδων,σόγιας,σπανακιού,αυγού",,,,0.0000000000000000e+00,0.0000000000000000e+00,0.0000000000000000e+00,,,,0,0
7028,"10027","ΑΡΤΟΠ/ΣΜΑ Τ.ΟΛΙΚΗΣ","10-Ψωμιά",,,,,"ΑΡΤΟΣ ΕΦΕΣΟΥ","Ενδέχεται να περιέχει ίχνη Γάλακτος,ξηρων καρπών,αραχίδων,σόγιας,σπανακιού,αυγού",,,,0.0000000000000000e+00,0.0000000000000000e+00,0.0000000000000000e+00,,,,0,0
7029,"10030","ΑΡΤΟΠ/ΣΜΑ Τ.ΣΤΑΡΕΝΙΟ","10-Ψωμιά",,,,,"ΑΡΤΟΣ ΕΦΕΣΟΥ","Ενδέχεται να περιέχει ίχνη Γάλακτος,ξηρων καρπών,αραχίδων,σόγιας,σπανακιού,αυγού",,,,0.0000000000000000e+00,0.0000000000000000e+00,0.0000000000000000e+00,,,,0,0
7030,"10031","ΑΡΤΟΠ/ΣΜΑ Τ.ΠΑΡΑΔΟΣΙΑΚΟ","10-Ψωμιά",,,,,"ΑΡΤΟΣ ΕΦΕΣΟΥ","Ενδέχεται να περιέχει ίχνη Γάλακτος,ξηρων καρπών,αραχίδων,σόγιας,σπανακιού,αυγού",,,,0.0000000000000000e+00,0.0000000000000000e+00,0.0000000000000000e+00,,,,0,0
7031,"10032","ΑΡΤΟΠ/ΣΜΑ Τ.ΧΩΡ. ΓΕΡΜΑΝΙΑΣ","10-Ψωμιά",,,,,"ΑΡΤΟΣ ΕΦΕΣΟΥ","Ενδέχεται να περιέχει ίχνη Γάλακτος,ξηρων καρπών,αραχίδων,σόγιας,σπανακιού,αυγού",,,,0.0000000000000000e+00,0.0000000000000000e+00,0.0000000000000000e+00,,,,0,0
7032,"10033","ΑΡΤΟΠ/ΣΜΑ Τ.ΣΟΥΣΑΜΕΝΙΟ","10-Ψωμιά",,,,,"ΑΡΤΟΣ ΕΦΕΣΟΥ","Ενδέχεται να περιέχει ίχνη Γάλακτος,ξηρων καρπών,αραχίδων,σόγιας,σπανακιού,αυγού",,,,0.0000000000000000e+00,0.0000000000000000e+00,0.0000000000000000e+00,,,,0,0
7033,"10034","ΑΡΤΟΠ/ΣΜΑ Τ.ΠΡΟΖΥΜΙ 750g","10-Ψωμιά",,,,,"ΑΡΤΟΣ ΕΦΕΣΟΥ","Ενδέχεται να περιέχει ίχνη Γάλακτος,ξηρων καρπών,αραχίδων,σόγιας,σπανακιού,αυγού",,,,0.0000000000000000e+00,0.0000000000000000e+00,0.0000000000000000e+00,,,,0,0
7034,"10035","ΑΡΤΟΠ/ΣΜΑ Τ.ΤΑΨΙΟΥ","10-Ψωμιά",,,,,"ΑΡΤΟΣ ΕΦΕΣΟΥ","Ενδέχεται να περιέχει ίχνη Γάλακτος,ξηρων καρπών,αραχίδων,σόγιας,σπανακιού,αυγού",,,,0.0000000000000000e+00,0.0000000000000000e+00,0.0000000000000000e+00,,,,0,0
7035,"10037","ΚΟΥΛΟΥΡΙ ΘΕΣΑΛΟΝΙΚΗΣ ΤΣΕΛΕΜΠΗ","10-Ψωμιά",,,,,"ΑΡΤΟΣ ΕΦΕΣΟΥ","Ενδέχεται να περιέχει ίχνη Γάλακτος,ξηρων καρπών,αραχίδων,σόγιας,σπανακιού,αυγού",,,,0.0000000000000000e+00,0.0000000000000000e+00,0.0000000000000000e+00,,,,0,0
7036,"10038","ΑΡΤΟΠ/ΣΜΑ Τ.ΟΛΙΚΗΣ ΣΚΛΗΡΟ","10-Ψωμιά",,,,,"ΑΡΤΟΣ ΕΦΕΣΟΥ","Ενδέχεται να περιέχει ίχνη Γάλακτος,ξηρων καρπών,αραχίδων,σόγιας,σπανακιού,αυγού",,,,0.0000000000000000e+00,0.0000000000000000e+00,0.0000000000000000e+00,,,,0,0
7037,"10039","ΑΡΤΟΠ/ΜΑ Τ HOVIS ΚΑΛΑΘΑΚΙ","10-Ψωμιά",,,,,"ΑΡΤΟΣ ΕΦΕΣΟΥ","Ενδέχεται να περιέχει ίχνη Γάλακτος,ξηρων καρπών,αραχίδων,σόγιας,σπανακιού,αυγού",,,,0.0000000000000000e+00,0.0000000000000000e+00,0.0000000000000000e+00,,,,0,0
7038,"10040","ΤΣΙΑΠΑΤΑΚΙΑ ΜΠΟΥΚ  ΚΡΥΟ ΣΑΝΤΟΥΙΤΣ","10-Ψωμιά",,,,,"ΑΡΤΟΣ ΕΦΕΣΟΥ","Ενδέχεται να περιέχει ίχνη Γάλακτος,ξηρων καρπών,αραχίδων,σόγιας,σπανακιού,αυγού",,,,0.0000000000000000e+00,0.0000000000000000e+00,0.0000000000000000e+00,,,,0,0
7039,"10041","ΑΡΤΟΠ/ΣΜΑ Τ.ΟΚΤΑΣΠΟΡΟ ΧΩΡΙΑΤΙΚΟ","10-Ψωμιά",,,,,"ΑΡΤΟΣ ΕΦΕΣΟΥ","Ενδέχεται να περιέχει ίχνη Γάλακτος,ξηρων καρπών,αραχίδων,σόγιας,σπανακιού,αυγού",,,,0.0000000000000000e+00,0.0000000000000000e+00,0.0000000000000000e+00,,,,0,0
7040,"10042","ΑΡΤΟΠ/ΣΜΑ Τ.ΚΑΛΑΘΑΚΙ ΣΙΜΙΓΔΑΛΙ","10-Ψωμιά",,,,,"ΑΡΤΟΣ ΕΦΕΣΟΥ","Ενδέχεται να περιέχει ίχνη Γάλακτος,ξηρων καρπών,αραχίδων,σόγιας,σπανακιού,αυγού",,,,0.0000000000000000e+00,0.0000000000000000e+00,0.0000000000000000e+00,,,,0,0
7041,"10043","ΑΡΤΟΠ/ΣΜΑ Τ.ΓΑΛΛΙΚΟ","10-Ψωμιά",,,,,"ΑΡΤΟΣ ΕΦΕΣΟΥ","Ενδέχεται να περιέχει ίχνη Γάλακτος,ξηρων καρπών,αραχίδων,σόγιας,σπανακιού,αυγού",,,,0.0000000000000000e+00,0.0000000000000000e+00,0.0000000000000000e+00,,,,0,0
7042,"10045","ΑΡΤΟΠ/ΣΜΑ ΧΩΡΙΣ ΓΛΟΥΤΕΝΗ","10-Ψωμιά",,,,,"ΑΡΤΟΣ ΕΦΕΣΟΥ","Ενδέχεται να περιέχει ίχνη Γάλακτος,ξηρων καρπών,αραχίδων,σόγιας,σπανακιού,αυγού",,,,0.0000000000000000e+00,0.0000000000000000e+00,0.0000000000000000e+00,,,,0,0
7043,"10046","ΤΟΣΤ","10-Ψωμιά",,,,,"ΑΡΤΟΣ ΕΦΕΣΟΥ","Ενδέχεται να περιέχει ίχνη Γάλακτος,ξηρων καρπών,αραχίδων,σόγιας,σπανακιού,αυγού",,,,0.0000000000000000e+00,0.0000000000000000e+00,0.0000000000000000e+00,,,,0,0
7044,"10047","ΤΟΣΤ  ΟΛΙΚΗΣ","10-Ψωμιά",,,,,"ΑΡΤΟΣ ΕΦΕΣΟΥ","Ενδέχεται να περιέχει ίχνη Γάλακτος,ξηρων καρπών,αραχίδων,σόγιας,σπανακιού,αυγού",,,,0.0000000000000000e+00,0.0000000000000000e+00,0.0000000000000000e+00,,,,0,0
7045,"10048","ΑΡΤΟΠ/ΣΜΑ Τ ΝΤΙΝΚΕΛ (SCHWABENCORN)","10-Ψωμιά",,,,,"ΑΡΤΟΣ ΕΦΕΣΟΥ","Ενδέχεται να περιέχει ίχνη Γάλακτος,ξηρων καρπών,αραχίδων,σόγιας,σπανακιού,αυγού",,,,0.0000000000000000e+00,0.0000000000000000e+00,0.0000000000000000e+00,,,,0,0
7046,"10050","ΤΣΙΑΠΑΤΙΝΙ ΨΩΜΑΚΙ 95 gr","10-Ψωμιά",,,,,"ΑΡΤΟΣ ΕΦΕΣΟΥ","Ενδέχεται να περιέχει ίχνη Γάλακτος,ξηρων καρπών,αραχίδων,σόγιας,σπανακιού,αυγού",,,,0.0000000000000000e+00,0.0000000000000000e+00,0.0000000000000000e+00,,,,0,0
7047,"10057","ΥΨΩΜΑ","10-Ψωμιά",,,,,"ΑΡΤΟΣ ΕΦΕΣΟΥ","Ενδέχεται να περιέχει ίχνη Γάλακτος,ξηρων καρπών,αραχίδων,σόγιας,σπανακιού,αυγού",,,,0.0000000000000000e+00,0.0000000000000000e+00,0.0000000000000000e+00,,,,0,0
7048,"10059","ΑΡΤΟΠ/ΣΜΑ Τ.ΜΠΑΚΕΤΑ ΟΛΙΚΗΣ","10-Ψωμιά",,,,,"ΑΡΤΟΣ ΕΦΕΣΟΥ","Ενδέχεται να περιέχει ίχνη Γάλακτος,ξηρων καρπών,αραχίδων,σόγιας,σπανακιού,αυγού",,,,0.0000000000000000e+00,0.0000000000000000e+00,0.0000000000000000e+00,,,,0,0
7049,"10060","ΣΑΝΤΟΥΙΤΣ ΡΟΥΣΤΙΚΑΛ 80 gr","10-Ψωμιά",,,,,"ΑΡΤΟΣ ΕΦΕΣΟΥ","Ενδέχεται να περιέχει ίχνη Γάλακτος,ξηρων καρπών,αραχίδων,σόγιας,σπανακιού,αυγού",,,,0.0000000000000000e+00,0.0000000000000000e+00,0.0000000000000000e+00,,,,0,0
7050,"10061","ΑΡΤΟΠ/ΣΜΑ Τ.ΤΣΙΑΠΑΤΑ","10-Ψωμιά",,,,,"ΑΡΤΟΣ ΕΦΕΣΟΥ","Ενδέχεται να περιέχει ίχνη Γάλακτος,ξηρων καρπών,αραχίδων,σόγιας,σπανακιού,αυγού",,,,0.0000000000000000e+00,0.0000000000000000e+00,0.0000000000000000e+00,,,,0,0
7051,"10062","ΑΡΤΟΠ/ΣΜΑ Τ.ΡΟΓΚΕΝΜΠΡΟΤ","10-Ψωμιά",,,,,"ΑΡΤΟΣ ΕΦΕΣΟΥ","Ενδέχεται να περιέχει ίχνη Γάλακτος,ξηρων καρπών,αραχίδων,σόγιας,σπανακιού,αυγού",,,,0.0000000000000000e+00,0.0000000000000000e+00,0.0000000000000000e+00,,,,0,0
7052,"10063","ΑΡΤΟΠ/ΣΜΑ Τ.ΣΤΡΟΓΓΥΛΑ 350 gr","10-Ψωμιά",,,,,"ΑΡΤΟΣ ΕΦΕΣΟΥ","Ενδέχεται να περιέχει ίχνη Γάλακτος,ξηρων καρπών,αραχίδων,σόγιας,σπανακιού,αυγού",,,,0.0000000000000000e+00,0.0000000000000000e+00,0.0000000000000000e+00,,,,0,0
7053,"10064","ΑΡΤΟΠ/ΣΜΑ Τ.ΣΤΡΟΓΓΥΛΑ 750 gr","10-Ψωμιά",,,,,"ΑΡΤΟΣ ΕΦΕΣΟΥ","Ενδέχεται να περιέχει ίχνη Γάλακτος,ξηρων καρπών,αραχίδων,σόγιας,σπανακιού,αυγού",,,,0.0000000000000000e+00,0.0000000000000000e+00,0.0000000000000000e+00,,,,0,0
7054,"10066","ΑΡΤΟΠ/ΣΜΑ Τ ΛΑΓΑΝΑ ΝΤΙΝΚΕΛ","10-Ψωμιά",,,,,"ΑΡΤΟΣ ΕΦΕΣΟΥ","Ενδέχεται να περιέχει ίχνη Γάλακτος,ξηρων καρπών,αραχίδων,σόγιας,σπανακιού,αυγού",,,,0.0000000000000000e+00,0.0000000000000000e+00,0.0000000000000000e+00,,,,0,0
7055,"10069","ΑΡΤΟΠ/ΣΜΑ Τ.ΣΠΙΤΙΚΟ","10-Ψωμιά",,,,,"ΑΡΤΟΣ ΕΦΕΣΟΥ","Ενδέχεται να περιέχει ίχνη Γάλακτος,ξηρων καρπών,αραχίδων,σόγιας,σπανακιού,αυγού",,,,0.0000000000000000e+00,0.0000000000000000e+00,0.0000000000000000e+00,,,,0,0
7056,"10070","ΑΡΤΟΠ/ΣΜΑ Τ.ΡΟΥΣΤΙΚΑΛ ΜΠΑΚΕΤΑΚΙ","10-Ψωμιά",,,,,"ΑΡΤΟΣ ΕΦΕΣΟΥ","Ενδέχεται να περιέχει ίχνη Γάλακτος,ξηρων καρπών,αραχίδων,σόγιας,σπανακιού,αυγού",,,,0.0000000000000000e+00,0.0000000000000000e+00,0.0000000000000000e+00,,,,0,0
7057,"10071","ΑΡΤΟΠ/ΣΜΑ Τ. ΛΑΓΑΝΑ ΕΛΙΑΣ","10-Ψωμιά",,,,,"ΑΡΤΟΣ ΕΦΕΣΟΥ","Ενδέχεται να περιέχει ίχνη Γάλακτος,ξηρων καρπών,αραχίδων,σόγιας,σπανακιού,αυγού",,,,0.0000000000000000e+00,0.0000000000000000e+00,0.0000000000000000e+00,,,,0,0
7058,"10072","ΑΡΤΟΠ/ΣΜΑ Τ.ΠΡΟΖΥΜΙ 1000 gr","10-Ψωμιά",,,,,"ΑΡΤΟΣ ΕΦΕΣΟΥ","Ενδέχεται να περιέχει ίχνη Γάλακτος,ξηρων καρπών,αραχίδων,σόγιας,σπανακιού,αυγού",,,,0.0000000000000000e+00,0.0000000000000000e+00,0.0000000000000000e+00,,,,0,0
7059,"10073","ΑΡΤΟΠ/ΣΜΑ Τ.ΠΡΟΖΥΜΙ 500g","10-Ψωμιά",,,,,"ΑΡΤΟΣ ΕΦΕΣΟΥ","Ενδέχεται να περιέχει ίχνη Γάλακτος,ξηρων καρπών,αραχίδων,σόγιας,σπανακιού,αυγού",,,,0.0000000000000000e+00,0.0000000000000000e+00,0.0000000000000000e+00,,,,0,0
7060,"10074","ΑΡΤΟΠ/ΣΜΑ Τ.ΠΙΝΑΚΩΤΙ 750gr","10-Ψωμιά",,,,,"ΑΡΤΟΣ ΕΦΕΣΟΥ","Ενδέχεται να περιέχει ίχνη Γάλακτος,ξηρων καρπών,αραχίδων,σόγιας,σπανακιού,αυγού",,,,0.0000000000000000e+00,0.0000000000000000e+00,0.0000000000000000e+00,,,,0,0
7061,"10075","ΑΡΤΟΠ/ΣΜΑ T.ΛΑΓΑΝΑ ΜΕ ΠΙΠΕΡΙΑ-ΕΛΙΑ-ΛΙΑΣΤΗ ΝΤΟΜΑΤΑ","10-Ψωμιά",,,,,"ΑΡΤΟΣ ΕΦΕΣΟΥ","Ενδέχεται να περιέχει ίχνη Γάλακτος,ξηρων καρπών,αραχίδων,σόγιας,σπανακιού,αυγού",,,,0.0000000000000000e+00,0.0000000000000000e+00,0.0000000000000000e+00,,,,0,0
7062,"10076","ΑΡΤΟΠ/ΣΜΑ Τ.ΚΑΛΑΜΠΟΚΙ","10-Ψωμιά",,,,,"ΑΡΤΟΣ ΕΦΕΣΟΥ","Ενδέχεται να περιέχει ίχνη Γάλακτος,ξηρων καρπών,αραχίδων,σόγιας,σπανακιού,αυγού",,,,0.0000000000000000e+00,0.0000000000000000e+00,0.0000000000000000e+00,,,,0,0
7063,"10077","ΑΡΤΟΠ/ΣΜΑ T.KORNBECK","10-Ψωμιά",,,,,"ΑΡΤΟΣ ΕΦΕΣΟΥ","Ενδέχεται να περιέχει ίχνη Γάλακτος,ξηρων καρπών,αραχίδων,σόγιας,σπανακιού,αυγού",,,,0.0000000000000000e+00,0.0000000000000000e+00,0.0000000000000000e+00,,,,0,0
7064,"10078","ΑΡΤΟΠ/ΣΜΑ Τ.ΠΙΝΑΚΩΤΙ 500gr","10-Ψωμιά",,,,,"ΑΡΤΟΣ ΕΦΕΣΟΥ","Ενδέχεται να περιέχει ίχνη Γάλακτος,ξηρων καρπών,αραχίδων,σόγιας,σπανακιού,αυγού",,,,0.0000000000000000e+00,0.0000000000000000e+00,0.0000000000000000e+00,,,,0,0
7065,"11017","ΣΤΑΦΙΔΟΨΩΜΟ ΦΟΡΜΑΣ","11-Αρτοσκευάσματα γλυκά",,,,,"ΑΡΤΟΣ ΕΦΕΣΟΥ","Ενδέχεται να περιέχει ίχνη Γάλακτος,ξηρων καρπών,αραχίδων,σόγιας,σπανακιού,αυγού",,,,0.0000000000000000e+00,0.0000000000000000e+00,0.0000000000000000e+00,,,,0,0
7066,"11023","ΠΛΕΞΟΥΔΑΚΙ","11-Αρτοσκευάσματα γλυκά",,,,,"ΑΡΤΟΣ ΕΦΕΣΟΥ","Ενδέχεται να περιέχει ίχνη Γάλακτος,ξηρων καρπών,αραχίδων,σόγιας,σπανακιού,αυγού",,,,0.0000000000000000e+00,0.0000000000000000e+00,0.0000000000000000e+00,,,,0,0
7067,"11026","ΤΣΟΥΡΕΚΙ ΜΕΣΑΙΟ 180gr","11-Αρτοσκευάσματα γλυκά",,,,,"ΑΡΤΟΣ ΕΦΕΣΟΥ","Ενδέχεται να περιέχει ίχνη Γάλακτος,ξηρων καρπών,αραχίδων,σόγιας,σπανακιού,αυγού",,,,0.0000000000000000e+00,0.0000000000000000e+00,0.0000000000000000e+00,,,,0,0
7068,"11027","ΤΣΟΥΡΕΚΑΚΙ 90gr","11-Αρτοσκευάσματα γλυκά",,,,,"ΑΡΤΟΣ ΕΦΕΣΟΥ","Ενδέχεται να περιέχει ίχνη Γάλακτος,ξηρων καρπών,αραχίδων,σόγιας,σπανακιού,αυγού",,,,0.0000000000000000e+00,0.0000000000000000e+00,0.0000000000000000e+00,,,,0,0
7069,"11028","ΤΣΟΥΡΕΚΙ ΠΟΛΙΤΙΚΟ","11-Αρτοσκευάσματα γλυκά",,,,,"ΑΡΤΟΣ ΕΦΕΣΟΥ","Ενδέχεται να περιέχει ίχνη Γάλακτος,ξηρων καρπών,αραχίδων,σόγιας,σπανακιού,αυγού",,,,0.0000000000000000e+00,0.0000000000000000e+00,0.0000000000000000e+00,,,,0,0
7070,"11029","ΣΙΜΙΤΙΑ","11-Αρτοσκευάσματα γλυκά",,,,,"ΑΡΤΟΣ ΕΦΕΣΟΥ","Ενδέχεται να περιέχει ίχνη Γάλακτος,ξηρων καρπών,αραχίδων,σόγιας,σπανακιού,αυγού",,,,0.0000000000000000e+00,0.0000000000000000e+00,0.0000000000000000e+00,,,,0,0
7071,"11088","ΒΑΣΙΛΟΠΙΤΑ ΤΣΟΥΡΕΚΙΟΥ","11-Αρτοσκευάσματα γλυκά",,,,,"ΑΡΤΟΣ ΕΦΕΣΟΥ","Ενδέχεται να περιέχει ίχνη Γάλακτος,ξηρων καρπών,αραχίδων,σόγιας,σπανακιού,αυγού",,,,0.0000000000000000e+00,0.0000000000000000e+00,0.0000000000000000e+00,,,,0,0
7072,"11095","ΦΛΩΡΕΝΤΙΝΑ ΜΕ ΣΤΡΑΓΑΛΙΑ","11-Αρτοσκευάσματα γλυκά",,,,,"ΑΡΤΟΣ ΕΦΕΣΟΥ","Ενδέχεται να περιέχει ίχνη Γάλακτος,ξηρων καρπών,αραχίδων,σόγιας,σπανακιού,αυγού",,,,0.0000000000000000e+00,0.0000000000000000e+00,0.0000000000000000e+00,,,,0,0
7073,"11098","ΦΛΩΡΕΝΤΙΝΕΣ ΜΕ ΦΟΥΝΤΟΥΚΙΑ","11-Αρτοσκευάσματα γλυκά",,,,,"ΑΡΤΟΣ ΕΦΕΣΟΥ","Ενδέχεται να περιέχει ίχνη Γάλακτος,ξηρων καρπών,αραχίδων,σόγιας,σπανακιού,αυγού",,,,0.0000000000000000e+00,0.0000000000000000e+00,0.0000000000000000e+00,,,,0,0
7075,"12002","ΣΑΝΤΟΥΙΤΣ ΚΡΥΟ ΣΤΡΟΓΓΥΛΟ ΜΕΓ.","12-Αρτοσκευάσματα αλμυρα",,,,,"ΑΡΤΟΣ ΕΦΕΣΟΥ","Ενδέχεται να περιέχει ίχνη Γάλακτος,ξηρων καρπών,αραχίδων,σόγιας,σπανακιού,αυγού",,,,0.0000000000000000e+00,0.0000000000000000e+00,0.0000000000000000e+00,,,,0,0
7076,"12003","ΚΡΟΥΑΣΑΝΑΚΙ ΑΛΜΥΡΟ","12-Αρτοσκευάσματα αλμυρα",,,,,"ΑΡΤΟΣ ΕΦΕΣΟΥ","Ενδέχεται να περιέχει ίχνη Γάλακτος,ξηρων καρπών,αραχίδων,σόγιας,σπανακιού,αυγού",,,,0.0000000000000000e+00,0.0000000000000000e+00,0.0000000000000000e+00,,,,0,0
7077,"12004","ΚΡΟΥΑΣΑΝ ΑΛΜΥΡΟ ΚΡΥΟ ΣΑΝΤΟΥΙΤΣ","12-Αρτοσκευάσματα αλμυρα",,,,,"ΑΡΤΟΣ ΕΦΕΣΟΥ","Ενδέχεται να περιέχει ίχνη Γάλακτος,ξηρων καρπών,αραχίδων,σόγιας,σπανακιού,αυγού",,,,0.0000000000000000e+00,0.0000000000000000e+00,0.0000000000000000e+00,,,,0,0
7078,"12010","ΕΛΙΟΨΩΜΟ","12-Αρτοσκευάσματα αλμυρα",,,,,"ΑΡΤΟΣ ΕΦΕΣΟΥ","Ενδέχεται να περιέχει ίχνη Γάλακτος,ξηρων καρπών,αραχίδων,σόγιας,σπανακιού,αυγού",,,,0.0000000000000000e+00,0.0000000000000000e+00,0.0000000000000000e+00,,,,0,0
7079,"12011","ΕΛΙΟΠΙΤΑ","12-Αρτοσκευάσματα αλμυρα",,,,,"ΑΡΤΟΣ ΕΦΕΣΟΥ","Ενδέχεται να περιέχει ίχνη Γάλακτος,ξηρων καρπών,αραχίδων,σόγιας,σπανακιού,αυγού",,,,0.0000000000000000e+00,0.0000000000000000e+00,0.0000000000000000e+00,,,,0,0
7080,"12012","ΤΥΡΩΨΩΜΟ","12-Αρτοσκευάσματα αλμυρα",,,,,"ΑΡΤΟΣ ΕΦΕΣΟΥ","Ενδέχεται να περιέχει ίχνη Γάλακτος,ξηρων καρπών,αραχίδων,σόγιας,σπανακιού,αυγού",,,,0.0000000000000000e+00,0.0000000000000000e+00,0.0000000000000000e+00,,,,0,0
7081,"12048","ΜΠΡΕΤΣΕΛ","12-Αρτοσκευάσματα αλμυρα",,,,,"ΑΡΤΟΣ ΕΦΕΣΟΥ","Ενδέχεται να περιέχει ίχνη Γάλακτος,ξηρων καρπών,αραχίδων,σόγιας,σπανακιού,αυγού",,,,0.0000000000000000e+00,0.0000000000000000e+00,0.0000000000000000e+00,,,,0,0
7082,"12056","ΚΑΛΤΣΟΝΕ ΜΠΡΙΟΖΕ","12-Αρτοσκευάσματα αλμυρα",,,,,"ΑΡΤΟΣ ΕΦΕΣΟΥ","Ενδέχεται να περιέχει ίχνη Γάλακτος,ξηρων καρπών,αραχίδων,σόγιας,σπανακιού,αυγού",,,,0.0000000000000000e+00,0.0000000000000000e+00,0.0000000000000000e+00,,,,0,0
7083,"12099","ΔΙΑΦΟΡΕΣ ΔΟΚΙΜΕΣ ΠΡΟΙΟΝΤΩΝ","12-Αρτοσκευάσματα αλμυρα",,,,,"ΑΡΤΟΣ ΕΦΕΣΟΥ","Ενδέχεται να περιέχει ίχνη Γάλακτος,ξηρων καρπών,αραχίδων,σόγιας,σπανακιού,αυγού",,,,0.0000000000000000e+00,0.0000000000000000e+00,0.0000000000000000e+00,,,,0,0
7084,"13086","ΚΟΥΡΑΜΠΙΕΣ","13-Βουτήγματα",,,,,"ΑΡΤΟΣ ΕΦΕΣΟΥ","Ενδέχεται να περιέχει ίχνη Γάλακτος,ξηρων καρπών,αραχίδων,σόγιας,σπανακιού,αυγού",,,,0.0000000000000000e+00,0.0000000000000000e+00,0.0000000000000000e+00,,,,0,0
7085,"13096","ΑΛΕΞΑΝΔΡΙΝΟ","13-Βουτήγματα",,,,,"ΑΡΤΟΣ ΕΦΕΣΟΥ","Ενδέχεται να περιέχει ίχνη Γάλακτος,ξηρων καρπών,αραχίδων,σόγιας,σπανακιού,αυγού",,,,0.0000000000000000e+00,0.0000000000000000e+00,0.0000000000000000e+00,,,,0,0
7086,"13101","ΠΤΙ-ΦΟΥΡ ΜΑΡΜΕΛΑΔΑ","13-Βουτήγματα",,,,,"ΑΡΤΟΣ ΕΦΕΣΟΥ","Ενδέχεται να περιέχει ίχνη Γάλακτος,ξηρων καρπών,αραχίδων,σόγιας,σπανακιού,αυγού",,,,0.0000000000000000e+00,0.0000000000000000e+00,0.0000000000000000e+00,,,,0,0
7087,"13114","ΒΡΑΧΑΚΙ ΝΗΣΤΙΣΙΜΟ","13-Βουτήγματα",,,,,"ΑΡΤΟΣ ΕΦΕΣΟΥ","Ενδέχεται να περιέχει ίχνη Γάλακτος,ξηρων καρπών,αραχίδων,σόγιας,σπανακιού,αυγού",,,,0.0000000000000000e+00,0.0000000000000000e+00,0.0000000000000000e+00,,,,0,0
7088,"13116","ΣΑΜΠΛΕ","13-Βουτήγματα",,,,,"ΑΡΤΟΣ ΕΦΕΣΟΥ","Ενδέχεται να περιέχει ίχνη Γάλακτος,ξηρων καρπών,αραχίδων,σόγιας,σπανακιού,αυγού",,,,0.0000000000000000e+00,0.0000000000000000e+00,0.0000000000000000e+00,,,,0,0
7089,"13119","ΠΤΙ-ΦΟΥΡ ΠΟΝΤΙΟΣ","13-Βουτήγματα",,,,,"ΑΡΤΟΣ ΕΦΕΣΟΥ","Ενδέχεται να περιέχει ίχνη Γάλακτος,ξηρων καρπών,αραχίδων,σόγιας,σπανακιού,αυγού",,,,0.0000000000000000e+00,0.0000000000000000e+00,0.0000000000000000e+00,,,,0,0
7090,"13125","ΠΟΡΤΟΚΑΛΙΟΥ","13-Βουτήγματα",,,,,"ΑΡΤΟΣ ΕΦΕΣΟΥ","Ενδέχεται να περιέχει ίχνη Γάλακτος,ξηρων καρπών,αραχίδων,σόγιας,σπανακιού,αυγού",,,,0.0000000000000000e+00,0.0000000000000000e+00,0.0000000000000000e+00,,,,0,0
7091,"13126","ΜΠΙΣΚΟΤΑΚΙ ΚΑΝΕΛΑ","13-Βουτήγματα",,,,,"ΑΡΤΟΣ ΕΦΕΣΟΥ","Ενδέχεται να περιέχει ίχνη Γάλακτος,ξηρων καρπών,αραχίδων,σόγιας,σπανακιού,αυγού",,,,0.0000000000000000e+00,0.0000000000000000e+00,0.0000000000000000e+00,,,,0,0
7092,"13127","ΜΑΡΟΚΕΝ","13-Βουτήγματα",,,,,"ΑΡΤΟΣ ΕΦΕΣΟΥ","Ενδέχεται να περιέχει ίχνη Γάλακτος,ξηρων καρπών,αραχίδων,σόγιας,σπανακιού,αυγού",,,,0.0000000000000000e+00,0.0000000000000000e+00,0.0000000000000000e+00,,,,0,0
7093,"13128","ΜΙΡΑΝΤΑ ΝΗΣΤΙΣΙΜΟ","13-Βουτήγματα",,,,,"ΑΡΤΟΣ ΕΦΕΣΟΥ","Ενδέχεται να περιέχει ίχνη Γάλακτος,ξηρων καρπών,αραχίδων,σόγιας,σπανακιού,αυγού",,,,0.0000000000000000e+00,0.0000000000000000e+00,0.0000000000000000e+00,,,,0,0
7094,"13129","ΚΟΥΛΟΥΡΙ ΣΓΟΥΡΟ-ΒΑΛΣΑΜΙΔΗ","13-Βουτήγματα",,,,,"ΑΡΤΟΣ ΕΦΕΣΟΥ","Ενδέχεται να περιέχει ίχνη Γάλακτος,ξηρων καρπών,αραχίδων,σόγιας,σπανακιού,αυγού",,,,0.0000000000000000e+00,0.0000000000000000e+00,0.0000000000000000e+00,,,,0,0
7095,"14089","ΜΗΛΟΠΙΤΕΣ","14-Κεικ",,,,,"ΑΡΤΟΣ ΕΦΕΣΟΥ","Ενδέχεται να περιέχει ίχνη Γάλακτος,ξηρων καρπών,αραχίδων,σόγιας,σπανακιού,αυγού",,,,0.0000000000000000e+00,0.0000000000000000e+00,0.0000000000000000e+00,,,,0,0
7096,"14092","ΣΤΑΦΙΔΟΚΕΙΚ","14-Κεικ",,,,,"ΑΡΤΟΣ ΕΦΕΣΟΥ","Ενδέχεται να περιέχει ίχνη Γάλακτος,ξηρων καρπών,αραχίδων,σόγιας,σπανακιού,αυγού",,,,0.0000000000000000e+00,0.0000000000000000e+00,0.0000000000000000e+00,,,,0,0
7097,"14122","ΚΕΙΚ ΜΑΜΑΣ ΑΣΠΡΟ","14-Κεικ",,,,,"ΑΡΤΟΣ ΕΦΕΣΟΥ","Ενδέχεται να περιέχει ίχνη Γάλακτος,ξηρων καρπών,αραχίδων,σόγιας,σπανακιού,αυγού",,,,0.0000000000000000e+00,0.0000000000000000e+00,0.0000000000000000e+00,,,,0,0
7098,"14123","ΚΕΙK ΜΑΦΙΝ ΣΟΚΟΛΑΤΑΣ ΜΑΜΑΣ","14-Κεικ",,,,,"ΑΡΤΟΣ ΕΦΕΣΟΥ","Ενδέχεται να περιέχει ίχνη Γάλακτος,ξηρων καρπών,αραχίδων,σόγιας,σπανακιού,αυγού",,,,0.0000000000000000e+00,0.0000000000000000e+00,0.0000000000000000e+00,,,,0,0
7099,"14124","ΚΕΙΚ ΝΗΣΤΙΣΙΜΟ","14-Κεικ",,,,,"ΑΡΤΟΣ ΕΦΕΣΟΥ","Ενδέχεται να περιέχει ίχνη Γάλακτος,ξηρων καρπών,αραχίδων,σόγιας,σπανακιού,αυγού",,,,0.0000000000000000e+00,0.0000000000000000e+00,0.0000000000000000e+00,,,,0,0
7100,"15100","ΜΟΥΣΤΟΚΟΥΛΟΥΡΑ  ΦΙΛΙΠΠΟΣ","13-Βουτήγματα",,,,,"ΑΡΤΟΣ ΕΦΕΣΟΥ","Ενδέχεται να περιέχει ίχνη Γάλακτος,ξηρων καρπών,αραχίδων,σόγιας,σπανακιού,αυγού",,,,0.0000000000000000e+00,0.0000000000000000e+00,0.0000000000000000e+00,,,,0,0
7101,"15101","ΜΟΥΣΤΟΚΟΥΛΟΥΡΑ ΜΗΧΑΝΗΣ","13-Βουτήγματα",,,,,"ΑΡΤΟΣ ΕΦΕΣΟΥ","Ενδέχεται να περιέχει ίχνη Γάλακτος,ξηρων καρπών,αραχίδων,σόγιας,σπανακιού,αυγού",,,,0.0000000000000000e+00,0.0000000000000000e+00,0.0000000000000000e+00,,,,0,0
7102,"15102","ΔΙΑΙΤΗΣ  ΠΡΙΝΤΕΖΗ","13-Βουτήγματα",,,,,"ΑΡΤΟΣ ΕΦΕΣΟΥ","Ενδέχεται να περιέχει ίχνη Γάλακτος,ξηρων καρπών,αραχίδων,σόγιας,σπανακιού,αυγού",,,,0.0000000000000000e+00,0.0000000000000000e+00,0.0000000000000000e+00,,,,0,0
7103,"15103","ΔΙΑΙΤΗΣ ΟΛΙΚΗΣ","15-Κουλούρια",,,,,"ΑΡΤΟΣ ΕΦΕΣΟΥ","Ενδέχεται να περιέχει ίχνη Γάλακτος,ξηρων καρπών,αραχίδων,σόγιας,σπανακιού,αυγού",,,,0.0000000000000000e+00,0.0000000000000000e+00,0.0000000000000000e+00,,,,0,0
7104,"15106","ΑΦΡΑΤΟ","13-Βουτήγματα",,,,,"ΑΡΤΟΣ ΕΦΕΣΟΥ","Ενδέχεται να περιέχει ίχνη Γάλακτος,ξηρων καρπών,αραχίδων,σόγιας,σπανακιού,αυγού",,,,0.0000000000000000e+00,0.0000000000000000e+00,0.0000000000000000e+00,,,,0,0
7105,"15107","ΛΑΙΤ  ΚΟΥΛΟΥΡΙΑ","13-Βουτήγματα",,,,,"ΑΡΤΟΣ ΕΦΕΣΟΥ","Ενδέχεται να περιέχει ίχνη Γάλακτος,ξηρων καρπών,αραχίδων,σόγιας,σπανακιού,αυγού",,,,0.0000000000000000e+00,0.0000000000000000e+00,0.0000000000000000e+00,,,,0,0
7106,"15108","ΚΟΥΚΙΣ ΒΡΩΜΗΣ","13-Βουτήγματα",,,,,"ΑΡΤΟΣ ΕΦΕΣΟΥ","Ενδέχεται να περιέχει ίχνη Γάλακτος,ξηρων καρπών,αραχίδων,σόγιας,σπανακιού,αυγού",,,,0.0000000000000000e+00,0.0000000000000000e+00,0.0000000000000000e+00,,,,0,0
7107,"15109","ΚΟΥΚΙΣ ΣΟΚΟΛΑΤΑΣ","13-Βουτήγματα",,,,,"ΑΡΤΟΣ ΕΦΕΣΟΥ","Ενδέχεται να περιέχει ίχνη Γάλακτος,ξηρων καρπών,αραχίδων,σόγιας,σπανακιού,αυγού",,,,0.0000000000000000e+00,0.0000000000000000e+00,0.0000000000000000e+00,,,,0,0
7108,"15110","ΟΛΙΚΗΣ ΠΡΙΝΤΕΖΗ","13-Βουτήγματα",,,,,"ΑΡΤΟΣ ΕΦΕΣΟΥ","Ενδέχεται να περιέχει ίχνη Γάλακτος,ξηρων καρπών,αραχίδων,σόγιας,σπανακιού,αυγού",,,,0.0000000000000000e+00,0.0000000000000000e+00,0.0000000000000000e+00,,,,0,0
7109,"15111","ΚΟΥΛΟΥΡΙΑ  ΜΕΛΙΟΥ","13-Βουτήγματα",,,,,"ΑΡΤΟΣ ΕΦΕΣΟΥ","Ενδέχεται να περιέχει ίχνη Γάλακτος,ξηρων καρπών,αραχίδων,σόγιας,σπανακιού,αυγού",,,,0.0000000000000000e+00,0.0000000000000000e+00,0.0000000000000000e+00,,,,0,0
7110,"15112","ΛΙΒΑΝΕΖΙΚΟ","13-Βουτήγματα",,,,,"ΑΡΤΟΣ ΕΦΕΣΟΥ","Ενδέχεται να περιέχει ίχνη Γάλακτος,ξηρων καρπών,αραχίδων,σόγιας,σπανακιού,αυγού",,,,0.0000000000000000e+00,0.0000000000000000e+00,0.0000000000000000e+00,,,,0,0
7111,"15113","ΣΟΥΣΑΜΕΝΙΟ   ΝΗΣΤΙΣΙΜΟ","13-Βουτήγματα",,,,,"ΑΡΤΟΣ ΕΦΕΣΟΥ","Ενδέχεται να περιέχει ίχνη Γάλακτος,ξηρων καρπών,αραχίδων,σόγιας,σπανακιού,αυγού",,,,0.0000000000000000e+00,0.0000000000000000e+00,0.0000000000000000e+00,,,,0,0
7112,"15115","ΠΛΕΞΟΥΔΑ ΦΙΛΙΠΠΟΣ","13-Βουτήγματα",,,,,"ΑΡΤΟΣ ΕΦΕΣΟΥ","Ενδέχεται να περιέχει ίχνη Γάλακτος,ξηρων καρπών,αραχίδων,σόγιας,σπανακιού,αυγού",,,,0.0000000000000000e+00,0.0000000000000000e+00,0.0000000000000000e+00,,,,0,0
7113,"15116","ΚΟΥΛΟΥΡΙ ΔΙΑΙΤΗΣ","13-Βουτήγματα",,,,,"ΑΡΤΟΣ ΕΦΕΣΟΥ","Ενδέχεται να περιέχει ίχνη Γάλακτος,ξηρων καρπών,αραχίδων,σόγιας,σπανακιού,αυγού",,,,0.0000000000000000e+00,0.0000000000000000e+00,0.0000000000000000e+00,,,,0,0
7114,"15117","ΑΠΛΟ ΟΡΕΣΤΙΔΗΣ","13-Βουτήγματα",,,,,"ΑΡΤΟΣ ΕΦΕΣΟΥ","Ενδέχεται να περιέχει ίχνη Γάλακτος,ξηρων καρπών,αραχίδων,σόγιας,σπανακιού,αυγού",,,,0.0000000000000000e+00,0.0000000000000000e+00,0.0000000000000000e+00,,,,0,0
7115,"15118","ΚΑΝΕΛΑΣ ΟΚΤΑΡΑΚΙ","13-Βουτήγματα",,,,,"ΑΡΤΟΣ ΕΦΕΣΟΥ","Ενδέχεται να περιέχει ίχνη Γάλακτος,ξηρων καρπών,αραχίδων,σόγιας,σπανακιού,αυγού",,,,0.0000000000000000e+00,0.0000000000000000e+00,0.0000000000000000e+00,,,,0,0
7116,"15121","ΚΟΥΚΙΣ KELLOGG'S","13-Βουτήγματα",,,,,"ΑΡΤΟΣ ΕΦΕΣΟΥ","Ενδέχεται να περιέχει ίχνη Γάλακτος,ξηρων καρπών,αραχίδων,σόγιας,σπανακιού,αυγού",,,,0.0000000000000000e+00,0.0000000000000000e+00,0.0000000000000000e+00,,,,0,0
7117,"15122","ΚΟΥΛΟΥΡΙ ΤΗΣ ΓΙΑΓΙΑΣ","13-Βουτήγματα",,,,,"ΑΡΤΟΣ ΕΦΕΣΟΥ","Ενδέχεται να περιέχει ίχνη Γάλακτος,ξηρων καρπών,αραχίδων,σόγιας,σπανακιού,αυγού",,,,0.0000000000000000e+00,0.0000000000000000e+00,0.0000000000000000e+00,,,,0,0
7118,"15123","ΓΙΑΝΝΙΩΤΙΚΟ","13-Βουτήγματα",,,,,"ΑΡΤΟΣ ΕΦΕΣΟΥ","Ενδέχεται να περιέχει ίχνη Γάλακτος,ξηρων καρπών,αραχίδων,σόγιας,σπανακιού,αυγού",,,,0.0000000000000000e+00,0.0000000000000000e+00,0.0000000000000000e+00,,,,0,0
7119,"15124","ΟΛΙΚΗΣ ΟΡΕΣΤΙΔΗ","13-Βουτήγματα",,,,,"ΑΡΤΟΣ ΕΦΕΣΟΥ","Ενδέχεται να περιέχει ίχνη Γάλακτος,ξηρων καρπών,αραχίδων,σόγιας,σπανακιού,αυγού",,,,0.0000000000000000e+00,0.0000000000000000e+00,0.0000000000000000e+00,,,,0,0
7120,"15125","ΣΜΥΡΝΕΙΚΟ ΚΟΥΦΟΠΟΥΛΟΣ","13-Βουτήγματα",,,,,"ΑΡΤΟΣ ΕΦΕΣΟΥ","Ενδέχεται να περιέχει ίχνη Γάλακτος,ξηρων καρπών,αραχίδων,σόγιας,σπανακιού,αυγού",,,,0.0000000000000000e+00,0.0000000000000000e+00,0.0000000000000000e+00,,,,0,0
7121,"15126","ΚΟΥΛΟΥΡΙΑ ΚΑΡΟΤΟΥ-ΒΑΛΣΑΜΙΔΗ","13-Βουτήγματα",,,,,"ΑΡΤΟΣ ΕΦΕΣΟΥ","Ενδέχεται να περιέχει ίχνη Γάλακτος,ξηρων καρπών,αραχίδων,σόγιας,σπανακιού,αυγού",,,,0.0000000000000000e+00,0.0000000000000000e+00,0.0000000000000000e+00,,,,0,0
7122,"15127","ΛΑΔΟΚΟΥΛΟΥΡΟ ΒΑΛΣΑΜΙΔΗΣ","13-Βουτήγματα",,,,,"ΑΡΤΟΣ ΕΦΕΣΟΥ","Ενδέχεται να περιέχει ίχνη Γάλακτος,ξηρων καρπών,αραχίδων,σόγιας,σπανακιού,αυγού",,,,0.0000000000000000e+00,0.0000000000000000e+00,0.0000000000000000e+00,,,,0,0
7123,"15128","ΚΟΥΚΙΣ ΛΙΒΑΝΕΖΙΚΟ ΒΑΛΣΑΜΙΔΗ","13-Βουτήγματα",,,,,"ΑΡΤΟΣ ΕΦΕΣΟΥ","Ενδέχεται να περιέχει ίχνη Γάλακτος,ξηρων καρπών,αραχίδων,σόγιας,σπανακιού,αυγού",,,,0.0000000000000000e+00,0.0000000000000000e+00,0.0000000000000000e+00,,,,0,0
7124,"15129","ΚΟΥΚΙΣ ΑΝΑΜΠΕΛ","13-Βουτήγματα",,,,,"ΑΡΤΟΣ ΕΦΕΣΟΥ","Ενδέχεται να περιέχει ίχνη Γάλακτος,ξηρων καρπών,αραχίδων,σόγιας,σπανακιού,αυγού",,,,0.0000000000000000e+00,0.0000000000000000e+00,0.0000000000000000e+00,,,,0,0
7125,"15130","ΗΜΙΓΛΥΚΑ ΔΙΑΙΤΗΣ","13-Βουτήγματα",,,,,"ΑΡΤΟΣ ΕΦΕΣΟΥ","Ενδέχεται να περιέχει ίχνη Γάλακτος,ξηρων καρπών,αραχίδων,σόγιας,σπανακιού,αυγού",,,,0.0000000000000000e+00,0.0000000000000000e+00,0.0000000000000000e+00,,,,0,0
7127,"16051","ΚΡΙΤΣΙΝΙ ΚΛΑΣΙΚΟ","16-Κριτσίνια",,,,,"ΑΡΤΟΣ ΕΦΕΣΟΥ","Ενδέχεται να περιέχει ίχνη Γάλακτος,ξηρων καρπών,αραχίδων,σόγιας,σπανακιού,αυγού",,,,0.0000000000000000e+00,0.0000000000000000e+00,0.0000000000000000e+00,,,,0,0
7128,"16052","ΚΡΙΤΣΙΝΙ ΕΛΙΑΣ","16-Κριτσίνια",,,,,"ΑΡΤΟΣ ΕΦΕΣΟΥ","Ενδέχεται να περιέχει ίχνη Γάλακτος,ξηρων καρπών,αραχίδων,σόγιας,σπανακιού,αυγού",,,,0.0000000000000000e+00,0.0000000000000000e+00,0.0000000000000000e+00,,,,0,0
7129,"16053","ΚΡΙΤΣΙΝΙ ΚΑΛΑΜΠΟΚΙΟΥ(ΜΠΟΥΚΙΤΣΑ)","16-Κριτσίνια",,,,,"ΑΡΤΟΣ ΕΦΕΣΟΥ","Ενδέχεται να περιέχει ίχνη Γάλακτος,ξηρων καρπών,αραχίδων,σόγιας,σπανακιού,αυγού",,,,0.0000000000000000e+00,0.0000000000000000e+00,0.0000000000000000e+00,,,,0,0
7130,"16054","ΚΡΙΤΣΙΝΙ ΟΛΙΚΗΣ","16-Κριτσίνια",,,,,"ΑΡΤΟΣ ΕΦΕΣΟΥ","Ενδέχεται να περιέχει ίχνη Γάλακτος,ξηρων καρπών,αραχίδων,σόγιας,σπανακιού,αυγού",,,,0.0000000000000000e+00,0.0000000000000000e+00,0.0000000000000000e+00,,,,0,0
7131,"16055","ΚΡΙΤΣΙΝΙ ΚΛΑΣΣΙΚΟ ΜΠΟΥΚΙΤΣΑ","16-Κριτσίνια",,,,,"ΑΡΤΟΣ ΕΦΕΣΟΥ","Ενδέχεται να περιέχει ίχνη Γάλακτος,ξηρων καρπών,αραχίδων,σόγιας,σπανακιού,αυγού",,,,0.0000000000000000e+00,0.0000000000000000e+00,0.0000000000000000e+00,,,,0,0
7132,"16056","ΚΡΙΤΣΙΝΙ ΣΙΚΑΛΕΩΣ-ΚΟΥΦΟΠΟΥΛΟΣ","16-Κριτσίνια",,,,,"ΑΡΤΟΣ ΕΦΕΣΟΥ","Ενδέχεται να περιέχει ίχνη Γάλακτος,ξηρων καρπών,αραχίδων,σόγιας,σπανακιού,αυγού",,,,0.0000000000000000e+00,0.0000000000000000e+00,0.0000000000000000e+00,,,,0,0
7133,"16057","ΚΡΙΤΣΙΝΙ ΚΑΛΑΜΠΟΚΙΟΥ-ΚΟΥΦΟΠΟΥΛΟΣ","16-Κριτσίνια",,,,,"ΑΡΤΟΣ ΕΦΕΣΟΥ","Ενδέχεται να περιέχει ίχνη Γάλακτος,ξηρων καρπών,αραχίδων,σόγιας,σπανακιού,αυγού",,,,0.0000000000000000e+00,0.0000000000000000e+00,0.0000000000000000e+00,,,,0,0
7134,"16068","ΚΡΙΤΣΙΝΙ ΜΠΟΥΚΙΤΣΑ ΟΛΙΚΗΣ","16-Κριτσίνια",,,,,"ΑΡΤΟΣ ΕΦΕΣΟΥ","Ενδέχεται να περιέχει ίχνη Γάλακτος,ξηρων καρπών,αραχίδων,σόγιας,σπανακιού,αυγού",,,,0.0000000000000000e+00,0.0000000000000000e+00,0.0000000000000000e+00,,,,0,0
7135,"17001","ΤΥΡΟΠΙΤΑΚΙ  ΚΟΥΡΟΥ","17-Πίτες",,,,,"ΑΡΤΟΣ ΕΦΕΣΟΥ",,,,,0.0000000000000000e+00,0.0000000000000000e+00,0.0000000000000000e+00,,,,0,0
7136,"17002","ΛΟΥΚΑΝΟΠΙΤΑΚΙ ΚΟΥΡΟΥ","17-Πίτες",,,,,"ΑΡΤΟΣ ΕΦΕΣΟΥ",,,,,0.0000000000000000e+00,0.0000000000000000e+00,0.0000000000000000e+00,,,,0,0
7137,"17003","ΛΟΥΚΑΝΙΚΟ ΚΟΥΡΟΥ","17-Πίτες",,,,,"ΑΡΤΟΣ ΕΦΕΣΟΥ",,,,,0.0000000000000000e+00,0.0000000000000000e+00,0.0000000000000000e+00,,,,0,0
7138,"17004","ΠΙΤΑ ΣΤΡΙΦΤΗ ΚΟΛΟΚΙΘΙ","17-Πίτες",,,,,"ΑΡΤΟΣ ΕΦΕΣΟΥ",,,,,0.0000000000000000e+00,0.0000000000000000e+00,0.0000000000000000e+00,,,,0,0
7139,"17005","ΠΙΤΑ  ΣΤΡΙΦΤΗ ΤΥΡΙ","17-Πίτες",,,,,"ΑΡΤΟΣ ΕΦΕΣΟΥ",,,,,0.0000000000000000e+00,0.0000000000000000e+00,0.0000000000000000e+00,,,,0,0
7140,"17006","ΠΙΤΑ ΣΤΡΙΦΤΗ ΣΠΑΝΑΚΙ-ΤΥΡΙ","17-Πίτες",,,,,"ΑΡΤΟΣ ΕΦΕΣΟΥ",,,,,0.0000000000000000e+00,0.0000000000000000e+00,0.0000000000000000e+00,,,,0,0
7142,"17008","ΤΥΡΟΠΙΤΑ  ΣΦΟΛΙΑΤΑ","17-Πίτες",,,,,"ΑΡΤΟΣ ΕΦΕΣΟΥ",,,,,0.0000000000000000e+00,0.0000000000000000e+00,0.0000000000000000e+00,,,,0,0
7143,"17009","ΚΟΥΛΟΥΡΙ ΜΕ ΖΑΜΠΟΝ-ΚΑΣΕΡΙ","17-Πίτες",,,,,"ΑΡΤΟΣ ΕΦΕΣΟΥ",,,,,0.0000000000000000e+00,0.0000000000000000e+00,0.0000000000000000e+00,,,,0,0
7144,"17010","ΠΙΤΣΑ (ΚΟΜΑΤΙ)","17-Πίτες",,,,,"ΑΡΤΟΣ ΕΦΕΣΟΥ",,,,,0.0000000000000000e+00,0.0000000000000000e+00,0.0000000000000000e+00,,,,0,0
7145,"17011","ΧΩΡΙΑΤΙΚΗ ΠΙΤΑ ΜΕ ΤΥΡΙ","17-Πίτες",,,,,"ΑΡΤΟΣ ΕΦΕΣΟΥ",,,,,0.0000000000000000e+00,0.0000000000000000e+00,0.0000000000000000e+00,,,,0,0
7146,"17012","ΧΩΡΙΑΤΙΚΗ ΠΙΤΑ ΜΕ ΣΠΑΝΑΚΙ-ΤΥΡΙ","17-Πίτες",,,,,"ΑΡΤΟΣ ΕΦΕΣΟΥ",,,,,0.0000000000000000e+00,0.0000000000000000e+00,0.0000000000000000e+00,,,,0,0
7147,"36001","ΜΠΟΥΓΑΤΣΑ ΜΕ ΚΡΕΜΑ ΕΜΠΟΡΕΥΜΑ","36-ΔΙΑΦΟΡΕΣ ΠΙΤΕΣ- ΕΜΠΟΡΕΥΜΑΤΑ",,,,,"ΑΡΤΟΣ ΕΦΕΣΟΥ",,,,,0.0000000000000000e+00,0.0000000000000000e+00,0.0000000000000000e+00,,,,0,0
7148,"17014","ΧΩΡΙΑΤΙΚΗ ΠΙΤΑ ΜΕ ΣΠΑΝΑΚΙ ΝΗΣΤΙΣΙΜΗ","17-Πίτες",,,,,"ΑΡΤΟΣ ΕΦΕΣΟΥ",,,,,0.0000000000000000e+00,0.0000000000000000e+00,0.0000000000000000e+00,,,,0,0
7149,"17015","ΠΙΤΑΚΙ ΛΑΔΙΟΥ ΜΕ ΤΥΡΙ","17-Πίτες",,,,,"ΑΡΤΟΣ ΕΦΕΣΟΥ",,,,,0.0000000000000000e+00,0.0000000000000000e+00,0.0000000000000000e+00,,,,0,0
7150,"17016","ΠΙΤΑΚΙ ΛΑΔΙΟΥ ΜΕ ΣΠΑΝΑΚΙ","17-Πίτες",,,,,"ΑΡΤΟΣ ΕΦΕΣΟΥ",,,,,0.0000000000000000e+00,0.0000000000000000e+00,0.0000000000000000e+00,,,,0,0
7151,"17017","ΠΙΤΑ ΣΤΡΙΦΤΗ ΜΕ ΠΡΑΣΟ","17-Πίτες",,,,,"ΑΡΤΟΣ ΕΦΕΣΟΥ",,,,,0.0000000000000000e+00,0.0000000000000000e+00,0.0000000000000000e+00,,,,0,0
7152,"17018","ΣΦΟΛΙΑΤΑ ΖΑΜΠΟΝ-ΚΑΣΕΡΙ","17-Πίτες",,,,,"ΑΡΤΟΣ ΕΦΕΣΟΥ",,,,,0.0000000000000000e+00,0.0000000000000000e+00,0.0000000000000000e+00,,,,0,0
7153,"17019","ΠΑΤΑΤΟΠΙΤΑΚΙ","17-Πίτες",,,,,"ΑΡΤΟΣ ΕΦΕΣΟΥ",,,,,0.0000000000000000e+00,0.0000000000000000e+00,0.0000000000000000e+00,,,,0,0
7154,"18087","ΜΕΛΟΜΑΚΑΡΟΝΑ","18-Σιροπιαστά",,,,,"ΑΡΤΟΣ ΕΦΕΣΟΥ","Ενδέχεται να περιέχει ίχνη Γάλακτος,ξηρων καρπών,αραχίδων,σόγιας,σπανακιού,αυγού",,,,0.0000000000000000e+00,0.0000000000000000e+00,0.0000000000000000e+00,,,,0,0
7155,"18090","ΡΕΒΑΝΙ","18-Σιροπιαστά",,,,,"ΑΡΤΟΣ ΕΦΕΣΟΥ","Ενδέχεται να περιέχει ίχνη Γάλακτος,ξηρων καρπών,αραχίδων,σόγιας,σπανακιού,αυγού",,,,0.0000000000000000e+00,0.0000000000000000e+00,0.0000000000000000e+00,,,,0,0
7156,"18091","ΚΑΡΥΔΟΠΙΤΑ","18-Σιροπιαστά",,,,,"ΑΡΤΟΣ ΕΦΕΣΟΥ","Ενδέχεται να περιέχει ίχνη Γάλακτος,ξηρων καρπών,αραχίδων,σόγιας,σπανακιού,αυγού",,,,0.0000000000000000e+00,0.0000000000000000e+00,0.0000000000000000e+00,,,,0,0
7157,"18093","ΣΚΑΛΤΣΟΥΝΗ","18-Σιροπιαστά",,,,,"ΑΡΤΟΣ ΕΦΕΣΟΥ","Ενδέχεται να περιέχει ίχνη Γάλακτος,ξηρων καρπών,αραχίδων,σόγιας,σπανακιού,αυγού",,,,0.0000000000000000e+00,0.0000000000000000e+00,0.0000000000000000e+00,,,,0,0
7158,"18094","ΜΕΘΥΣΜΕΝΑ","18-Σιροπιαστά",,,,,"ΑΡΤΟΣ ΕΦΕΣΟΥ","Ενδέχεται να περιέχει ίχνη Γάλακτος,ξηρων καρπών,αραχίδων,σόγιας,σπανακιού,αυγού",,,,0.0000000000000000e+00,0.0000000000000000e+00,0.0000000000000000e+00,,,,0,0
7159,"18097","ΜΠΑΚΛΑΒΑΔΑΚΙ","18-Σιροπιαστά",,,,,"ΑΡΤΟΣ ΕΦΕΣΟΥ","Ενδέχεται να περιέχει ίχνη Γάλακτος,ξηρων καρπών,αραχίδων,σόγιας,σπανακιού,αυγού",,,,0.0000000000000000e+00,0.0000000000000000e+00,0.0000000000000000e+00,,,,0,0
7160,"19007","ΚΡΟΥΑΣΑΝ 80 ΓΡΜ. ΑΔΕΙΟ","19-Σφολιάτες",,,,,"ΑΡΤΟΣ ΕΦΕΣΟΥ",,,,,0.0000000000000000e+00,0.0000000000000000e+00,0.0000000000000000e+00,,,,0,0
7161,"19008","ΚΡΟΥΑΣΑΝΑΚΙ ΠΡΑΛΙΝΑ 25","19-Σφολιάτες",,,,,"ΑΡΤΟΣ ΕΦΕΣΟΥ",,,,,0.0000000000000000e+00,0.0000000000000000e+00,0.0000000000000000e+00,,,,0,0
7162,"19055","ΣΦΟΛΙΑΤΟΚΟΥΛΟΥΡΑ","19-Σφολιάτες",,,,,"ΑΡΤΟΣ ΕΦΕΣΟΥ",,,,,0.0000000000000000e+00,0.0000000000000000e+00,0.0000000000000000e+00,,,,0,0
7163,"19056","ΣΦΟΛΙΑΤΑ     ΤΑΚΑ","19-Σφολιάτες",,,,,"ΑΡΤΟΣ ΕΦΕΣΟΥ",,,,,0.0000000000000000e+00,0.0000000000000000e+00,0.0000000000000000e+00,,,,0,0
7164,"19093","ΠΕΤΑΛΟ","13-Βουτήγματα",,,,,"ΑΡΤΟΣ ΕΦΕΣΟΥ","Ενδέχεται να περιέχει ίχνη Γάλακτος,ξηρων καρπών,αραχίδων,σόγιας,σπανακιού,αυγού",,,,0.0000000000000000e+00,0.0000000000000000e+00,0.0000000000000000e+00,,,,0,0
7165,"20036","ΚΡΑΚΕΡ ΚΑΛΑΜΠΟΚΙΟΥ","20-Παξιμάδια",,,,,"ΑΡΤΟΣ ΕΦΕΣΟΥ","Ενδέχεται να περιέχει ίχνη Γάλακτος,ξηρων καρπών,αραχίδων,σόγιας,σπανακιού,αυγού",,,,0.0000000000000000e+00,0.0000000000000000e+00,0.0000000000000000e+00,,,,0,0
7166,"20044","ΦΡΥΓΑΝΙΑ  250 γρ.","20-Παξιμάδια",,,,,"ΑΡΤΟΣ ΕΦΕΣΟΥ","Ενδέχεται να περιέχει ίχνη Γάλακτος,ξηρων καρπών,αραχίδων,σόγιας,σπανακιού,αυγού",,,,0.0000000000000000e+00,0.0000000000000000e+00,0.0000000000000000e+00,,,,0,0
7167,"20045","ΦΡΥΓΑΝΙΑ ΟΛΙΚΗΣ 250 γρ.","20-Παξιμάδια",,,,,"ΑΡΤΟΣ ΕΦΕΣΟΥ","Ενδέχεται να περιέχει ίχνη Γάλακτος,ξηρων καρπών,αραχίδων,σόγιας,σπανακιού,αυγού",,,,0.0000000000000000e+00,0.0000000000000000e+00,0.0000000000000000e+00,,,,0,0
7168,"20067","ΠΑΞΙΜΑΔΙ ΔΗΜΗΤΡΙΑΚΩΝ 250 γρ.","20-Παξιμάδια",,,,,"ΑΡΤΟΣ ΕΦΕΣΟΥ","Ενδέχεται να περιέχει ίχνη Γάλακτος,ξηρων καρπών,αραχίδων,σόγιας,σπανακιού,αυγού",,,,0.0000000000000000e+00,0.0000000000000000e+00,0.0000000000000000e+00,,,,0,0
7169,"21001","ΜΠΑΤΟΝ ΣΑΛΕ ΒΑΛΣΑΜΙΔΗ","21-Κουλούρια αλμυρά",,,,,"ΑΡΤΟΣ ΕΦΕΣΟΥ","Ενδέχεται να περιέχει ίχνη Γάλακτος,ξηρων καρπών,αραχίδων,σόγιας,σπανακιού,αυγού",,,,0.0000000000000000e+00,0.0000000000000000e+00,0.0000000000000000e+00,,,,0,0
7170,"21104","ΑΛΜΥΡΟ","21-Κουλούρια αλμυρά",,,,,"ΑΡΤΟΣ ΕΦΕΣΟΥ","Ενδέχεται να περιέχει ίχνη Γάλακτος,ξηρων καρπών,αραχίδων,σόγιας,σπανακιού,αυγού",,,,0.0000000000000000e+00,0.0000000000000000e+00,0.0000000000000000e+00,,,,0,0
7171,"21120","ΑΛΜΥΡΟ","21-Κουλούρια αλμυρά",,,,,"ΑΡΤΟΣ ΕΦΕΣΟΥ","Ενδέχεται να περιέχει ίχνη Γάλακτος,ξηρων καρπών,αραχίδων,σόγιας,σπανακιού,αυγού",,,,0.0000000000000000e+00,0.0000000000000000e+00,0.0000000000000000e+00,,,,0,0
7172,"12001","ΠΕΙΝΙΡΛΙ ΕΦΕΣΟΥ","12-Αρτοσκευάσματα αλμυρα",,,,,"ΑΡΤΟΣ ΕΦΕΣΟΥ","Ενδέχεται να περιέχει ίχνη Γάλακτος,ξηρων καρπών,αραχίδων,σόγιας,σπανακιού,αυγού",,,,0.0000000000000000e+00,0.0000000000000000e+00,0.0000000000000000e+00,,,,0,0
7182,"10036","ΑΡΤOΠ/ΣΜΑ Τ.ΚΟΥΛΟΥΡΑ","10-Ψωμιά",,,,,"ΑΡΤΟΣ ΕΦΕΣΟΥ","Ενδέχεται να περιέχει ίχνη Γάλακτος,ξηρων καρπών,αραχίδων,σόγιας,σπανακιού,αυγού",,,,0.0000000000000000e+00,0.0000000000000000e+00,0.0000000000000000e+00,,,,0,0
7184,"15132","ΚΟΥΚΙΣ ΣΟΚΟΛΑΤΑΣ ΜΕ ΔΑΚΡΥ","13-Βουτήγματα",,,,,"ΑΡΤΟΣ ΕΦΕΣΟΥ","Ενδέχεται να περιέχει ίχνη Γάλακτος,ξηρων καρπών,αραχίδων,σόγιας,σπανακιού,αυγού",,,,0.0000000000000000e+00,0.0000000000000000e+00,0.0000000000000000e+00,,,,0,0
7185,"15104","ΚΟΥΛΟΥΡΙ ΜΕ ΤΑΧΙΝΙ","13-Βουτήγματα",,,,,"ΑΡΤΟΣ ΕΦΕΣΟΥ","Ενδέχεται να περιέχει ίχνη Γάλακτος,ξηρων καρπών,αραχίδων,σόγιας,σπανακιού,αυγού",,,,0.0000000000000000e+00,0.0000000000000000e+00,0.0000000000000000e+00,,,,0,0
7188,"14126","ΚΕΙΚ ΜΑΦΙΝ ΑΣΠΡΟ","14-Κεικ",,,,,"ΑΡΤΟΣ ΕΦΕΣΟΥ","Ενδέχεται να περιέχει ίχνη Γάλακτος,ξηρων καρπών,αραχίδων,σόγιας,σπανακιού,αυγού",,,,0.0000000000000000e+00,0.0000000000000000e+00,0.0000000000000000e+00,,,,0,0
7189,"17020","ΠΙΤΑΚΙΑ ΚΟΛΟΚΙΘΙ","17-Πίτες",,,,,"ΑΡΤΟΣ ΕΦΕΣΟΥ",,,,,0.0000000000000000e+00,0.0000000000000000e+00,0.0000000000000000e+00,,,,0,0
7190,"19057","ΔΙΠΛΕΣ ΤΑΚΑΣ","19-Σφολιάτες",,,,,"ΑΡΤΟΣ ΕΦΕΣΟΥ",,,,,0.0000000000000000e+00,0.0000000000000000e+00,0.0000000000000000e+00,,,,0,0
7191,"10049","ΤΟΣΤ ΠΟΛΥΣΠΟΡΟ","10-Ψωμιά",,,,,"ΑΡΤΟΣ ΕΦΕΣΟΥ","Ενδέχεται να περιέχει ίχνη Γάλακτος,ξηρων καρπών,αραχίδων,σόγιας,σπανακιού,αυγού",,,,0.0000000000000000e+00,0.0000000000000000e+00,0.0000000000000000e+00,,,,0,0
7192,"17007","ΚΟΥΛΟΥΡΙ ΜΕ ΤΥΡΙ","17-Πίτες",,,,,"ΑΡΤΟΣ ΕΦΕΣΟΥ",,,,,0.0000000000000000e+00,0.0000000000000000e+00,0.0000000000000000e+00,,,,0,0
7270,"202720","ΚΑΛΤΣΟΝΕ ΑΨΗΤΟ","ΑΚΥΡΟΝ",,,,,"ΑΡΤΟΣ ΕΦΕΣΟΥ",,,,,0.0000000000000000e+00,0.0000000000000000e+00,0.0000000000000000e+00,,,,0,0
7271,"12057","ΚΑΛΤΣΟΝΕ ΠΑΡΑΔΟΣΙΑΚΟ","12-Αρτοσκευάσματα αλμυρα",,,,,"ΑΡΤΟΣ ΕΦΕΣΟΥ","Ενδέχεται να περιέχει ίχνη Γάλακτος,ξηρων καρπών,αραχίδων,σόγιας,σπανακιού,αυγού",,,,0.0000000000000000e+00,0.0000000000000000e+00,0.0000000000000000e+00,,,,0,0
7273,"14127","ΚΕΙΚ ΜΠΟΥΚΙΤΣΕΣ","14-Κεικ",,,,,"ΑΡΤΟΣ ΕΦΕΣΟΥ","Ενδέχεται να περιέχει ίχνη Γάλακτος,ξηρων καρπών,αραχίδων,σόγιας,σπανακιού,αυγού",,,,0.0000000000000000e+00,0.0000000000000000e+00,0.0000000000000000e+00,,,,0,0
7280,"14128","ΚΕΙΚ ΠΑΝΕΤΟΝΕ","14-Κεικ",,,,,"ΑΡΤΟΣ ΕΦΕΣΟΥ","Ενδέχεται να περιέχει ίχνη Γάλακτος,ξηρων καρπών,αραχίδων,σόγιας,σπανακιού,αυγού",,,,0.0000000000000000e+00,0.0000000000000000e+00,0.0000000000000000e+00,,,,0,0
7282,"14129","ΒΑΣΙΛΟΠΙΤΑ ΚΕΙΚ ΜΙΚΡΗ ΜΕ ΠΑΡΑΣΤΑΣΗ","14-Κεικ",,,,,"ΑΡΤΟΣ ΕΦΕΣΟΥ","Ενδέχεται να περιέχει ίχνη Γάλακτος,ξηρων καρπών,αραχίδων,σόγιας,σπανακιού,αυγού",,,,0.0000000000000000e+00,0.0000000000000000e+00,0.0000000000000000e+00,,,,0,0
7283,"10079","ΑΔΕΙΕΣ ΜΠΟΥΚ.ΣΙΚΑΛΗΣ 25 ΓΡΜ.","10-Ψωμιά",,,,,"ΑΡΤΟΣ ΕΦΕΣΟΥ","Ενδέχεται να περιέχει ίχνη Γάλακτος,ξηρων καρπών,αραχίδων,σόγιας,σπανακιού,αυγού",,,,0.0000000000000000e+00,0.0000000000000000e+00,0.0000000000000000e+00,,,,0,0
7288,"18098","ΦΟ","ΑΚΥΡΟΝ",,,,,"ΑΡΤΟΣ ΕΦΕΣΟΥ","Ενδέχεται να περιέχει ίχνη Γάλακτος,ξηρων καρπών,αραχίδων,σόγιας,σπανακιού,αυγού",,,,0.0000000000000000e+00,0.0000000000000000e+00,0.0000000000000000e+00,,,,0,0
7289,"15133","ΦΙΟΓΚΑΚΙ ΝΗΣΤΙΣΙΜΟ","13-Βουτήγματα",,,,,"ΑΡΤΟΣ ΕΦΕΣΟΥ","Ενδέχεται να περιέχει ίχνη Γάλακτος,ξηρων καρπών,αραχίδων,σόγιας,σπανακιού,αυγού",,,,0.0000000000000000e+00,0.0000000000000000e+00,0.0000000000000000e+00,,,,0,0
7290,"10080","ΠΟΛΥΣΠΟΡΟ ΘΕΣΣΑΛΟΝΙΚΗΣ","10-Ψωμιά",,,,,"ΑΡΤΟΣ ΕΦΕΣΟΥ","Ενδέχεται να περιέχει ίχνη Γάλακτος,ξηρων καρπών,αραχίδων,σόγιας,σπανακιού,αυγού",,,,0.0000000000000000e+00,0.0000000000000000e+00,0.0000000000000000e+00,,,,0,0
7291,"18099","ΜΕΛΟΜΑΚΑΡΟΝΑ ΜΕ ΣΟΚΟΛΑΤΑ","18-Σιροπιαστά",,,,,"ΑΡΤΟΣ ΕΦΕΣΟΥ","Ενδέχεται να περιέχει ίχνη Γάλακτος,ξηρων καρπών,αραχίδων,σόγιας,σπανακιού,αυγού",,,,0.0000000000000000e+00,0.0000000000000000e+00,0.0000000000000000e+00,,,,0,0
7297,"11030","ΠΑΣΧΑΛΙΝΗ ΚΟΥΛΟΥΡΑ","11-Αρτοσκευάσματα γλυκά",,,,,"ΑΡΤΟΣ ΕΦΕΣΟΥ","Ενδέχεται να περιέχει ίχνη Γάλακτος,ξηρων καρπών,αραχίδων,σόγιας,σπανακιού,αυγού",,,,0.0000000000000000e+00,0.0000000000000000e+00,0.0000000000000000e+00,,,,0,0
7299,"14099","ΒΑΣΙΛΟΠΙΤΑ ΚΕΙΚ ΜΕΓΑΛΗ","14-Κεικ",,,,,"ΑΡΤΟΣ ΕΦΕΣΟΥ","Ενδέχεται να περιέχει ίχνη Γάλακτος,ξηρων καρπών,αραχίδων,σόγιας,σπανακιού,αυγού",,,,0.0000000000000000e+00,0.0000000000000000e+00,0.0000000000000000e+00,,,,0,0
7301,"16069","ΚΡΙΤΣΙΝΙ ΠΟΛΥΣΠΟΡΟ","16-Κριτσίνια",,,,,"ΑΡΤΟΣ ΕΦΕΣΟΥ","Ενδέχεται να περιέχει ίχνη Γάλακτος,ξηρων καρπών,αραχίδων,σόγιας,σπανακιού,αυγού",,,,0.0000000000000000e+00,0.0000000000000000e+00,0.0000000000000000e+00,,,,0,0
7315,"19058","ΣΦΟΛΙΑΤΟΚΟΥΛΟΥΡΟ ΕΛΙΑΣ","19-Σφολιάτες",,,,,"ΑΡΤΟΣ ΕΦΕΣΟΥ",,,,,0.0000000000000000e+00,0.0000000000000000e+00,0.0000000000000000e+00,,,,0,0
7316,"19059","ΣΦΟΛΙΑΤΟΚΟΥΛΟΥΡΟ ΣΠΑΝΑΚΙ","19-Σφολιάτες",,,,,"ΑΡΤΟΣ ΕΦΕΣΟΥ",,,,,0.0000000000000000e+00,0.0000000000000000e+00,0.0000000000000000e+00,,,,0,0
7320,"15131","ΔΙΑΜΑΝΤΙΑ ΒΑΝΙΛΙΑΣ","13-Βουτήγματα",,,,,"ΑΡΤΟΣ ΕΦΕΣΟΥ","Ενδέχεται να περιέχει ίχνη Γάλακτος,ξηρων καρπών,αραχίδων,σόγιας,σπανακιού,αυγού",,,,0.0000000000000000e+00,0.0000000000000000e+00,0.0000000000000000e+00,,,,0,0
7335,"10067","ΑΡΤΟΠ/ΣΜΑ Τ.ΧΩΡΙΑΤΙΚΟ ΠΡΟΨΗΜΕΝΑ","10-Ψωμιά",,,,,"ΑΡΤΟΣ ΕΦΕΣΟΥ","Ενδέχεται να περιέχει ίχνη Γάλακτος,ξηρων καρπών,αραχίδων,σόγιας,σπανακιού,αυγού",,,,0.0000000000000000e+00,0.0000000000000000e+00,0.0000000000000000e+00,,,,0,0
7352,"19060","ΜΗΛΟΠΙΤΑΚΙ ΨΗΜΕΝΟ","19-Σφολιάτες",,,,,"ΑΡΤΟΣ ΕΦΕΣΟΥ",,,,,0.0000000000000000e+00,0.0000000000000000e+00,0.0000000000000000e+00,,,,0,0
7356,"20046","ΦΡΥΓΑΝΙΑ ΣΙΚΑΛΗΣ  250 γρ.","20-Παξιμάδια",,,,,"ΑΡΤΟΣ ΕΦΕΣΟΥ","Ενδέχεται να περιέχει ίχνη Γάλακτος,ξηρων καρπών,αραχίδων,σόγιας,σπανακιού,αυγού",,,,0.0000000000000000e+00,0.0000000000000000e+00,0.0000000000000000e+00,,,,0,0
7357,"20047","ΠΑΞΙΜΑΔΙ ΛΑΔΙΟΥ 250 γρ.","20-Παξιμάδια",,,,,"ΑΡΤΟΣ ΕΦΕΣΟΥ","Ενδέχεται να περιέχει ίχνη Γάλακτος,ξηρων καρπών,αραχίδων,σόγιας,σπανακιού,αυγού",,,,0.0000000000000000e+00,0.0000000000000000e+00,0.0000000000000000e+00,,,,0,0
7359,"20048","ΠΑΞΙΜΑΔΙ ΚΡΙΘΑΡΙΟΥ 250 γρ.","20-Παξιμάδια",,,,,"ΑΡΤΟΣ ΕΦΕΣΟΥ","Ενδέχεται να περιέχει ίχνη Γάλακτος,ξηρων καρπών,αραχίδων,σόγιας,σπανακιού,αυγού",,,,0.0000000000000000e+00,0.0000000000000000e+00,0.0000000000000000e+00,,,,0,0
7361,"20049","ΦΡΥΓΑΝΙΑ ΧΩΡΙΣ ΖΑΧΑΡΗ 250 γρ.","20-Παξιμάδια",,,,,"ΑΡΤΟΣ ΕΦΕΣΟΥ","Ενδέχεται να περιέχει ίχνη Γάλακτος,ξηρων καρπών,αραχίδων,σόγιας,σπανακιού,αυγού",,,,0.0000000000000000e+00,0.0000000000000000e+00,0.0000000000000000e+00,,,,0,0
7364,"11032","ΨΩΜΑΚΙ ΜΕ ΜΕΛΙ ΚΑΙ ΓΑΛΑ","11-Αρτοσκευάσματα γλυκά",,,,,"ΑΡΤΟΣ ΕΦΕΣΟΥ","Ενδέχεται να περιέχει ίχνη Γάλακτος,ξηρων καρπών,αραχίδων,σόγιας,σπανακιού,αυγού",,,,0.0000000000000000e+00,0.0000000000000000e+00,0.0000000000000000e+00,,,,0,0
7366,"19061","ΚΟΜΠΟΙ","19-Σφολιάτες",,,,,"ΑΡΤΟΣ ΕΦΕΣΟΥ",,,,,0.0000000000000000e+00,0.0000000000000000e+00,0.0000000000000000e+00,,,,0,0
7371,"19010","Τα","19-Σφολιάτες",,,,,"ΑΡΤΟΣ ΕΦΕΣΟΥ",,,,,0.0000000000000000e+00,0.0000000000000000e+00,0.0000000000000000e+00,,,,0,0
7387,"10081","ΑΡΤΟΠ/ΣΜΑ τ. ΔΙΚΟΚΚΟ (ΖΕΑ)","10-Ψωμιά",,,,,"ΑΡΤΟΣ ΕΦΕΣΟΥ","Ενδέχεται να περιέχει ίχνη Γάλακτος,ξηρων καρπών,αραχίδων,σόγιας,σπανακιού,αυγού",,,,0.0000000000000000e+00,0.0000000000000000e+00,0.0000000000000000e+00,,,,0,0
7388,"19062","ΚΡΟΥΑΣΑΝ ΒΟΥΤΥΡΟΥ 80 ΓΡΜ. ΠΡΑΛΙΝΑΣ","19-Σφολιάτες",,,,,"ΑΡΤΟΣ ΕΦΕΣΟΥ",,,,,0.0000000000000000e+00,0.0000000000000000e+00,0.0000000000000000e+00,,,,0,0
7392,"10007","ΑΡΤΟΠ/ΣΜΑ T.ΒΟΥΝΙΣΙΟ ΜΕΓΑΛΟ","10-Ψωμιά",,,,,"ΑΡΤΟΣ ΕΦΕΣΟΥ","Ενδέχεται να περιέχει ίχνη Γάλακτος,ξηρων καρπών,αραχίδων,σόγιας,σπανακιού,αυγού",,,,0.0000000000000000e+00,0.0000000000000000e+00,0.0000000000000000e+00,,,,0,0
7399,"10009","ΑΡΤΟΠ/ΣΜΑ Τ.ΝΕΟ ΧΩΡΙΑΤΙΚΟ","10-Ψωμιά",,,,,"ΑΡΤΟΣ ΕΦΕΣΟΥ","Ενδέχεται να περιέχει ίχνη Γάλακτος,ξηρων καρπών,αραχίδων,σόγιας,σπανακιού,αυγού",,,,0.0000000000000000e+00,0.0000000000000000e+00,0.0000000000000000e+00,,,,0,0
7442,"10008","ΑΡΤΟΠ/ΣΜΑ T.BΟΥΝΙΣΙΟ 750 ΓΡΜ","10-Ψωμιά",,,,,"ΑΡΤΟΣ ΕΦΕΣΟΥ","Ενδέχεται να περιέχει ίχνη Γάλακτος,ξηρων καρπών,αραχίδων,σόγιας,σπανακιού,αυγού",,,,0.0000000000000000e+00,0.0000000000000000e+00,0.0000000000000000e+00,,,,0,0
7448,"12111"," >","12-Αρτοσκευάσματα αλμυρα",,,,,"ΑΡΤΟΣ ΕΦΕΣΟΥ","Ενδέχεται να περιέχει ίχνη Γάλακτος,ξηρων καρπών,αραχίδων,σόγιας,σπανακιού,αυγού",,,,0.0000000000000000e+00,0.0000000000000000e+00,0.0000000000000000e+00,,,,0,0
7449,"10023","ΧΟΒΙΣ ΣΑΝΤΟΥΙΤΣ 65 gr ΑΔΕΙΟ","10-Ψωμιά",,,,,"ΑΡΤΟΣ ΕΦΕΣΟΥ","Ενδέχεται να περιέχει ίχνη Γάλακτος,ξηρων καρπών,αραχίδων,σόγιας,σπανακιού,αυγού",,,,0.0000000000000000e+00,0.0000000000000000e+00,0.0000000000000000e+00,,,,0,0
7450,"10026","ΣΑΝΤΟΥΙΤΣ ΠΟΛΥΣΠΟΡΟ ΨΩΜΑΚΙ 50 ΓΡΜ.","10-Ψωμιά",,,,,"ΑΡΤΟΣ ΕΦΕΣΟΥ","Ενδέχεται να περιέχει ίχνη Γάλακτος,ξηρων καρπών,αραχίδων,σόγιας,σπανακιού,αυγού",,,,0.0000000000000000e+00,0.0000000000000000e+00,0.0000000000000000e+00,,,,0,0
7458,"202726","ΚΟΛΟΚΥΘΟΠΙΤΑ ΑΨΗΤΗ","ΑΚΥΡΟΝ",,,,,"ΑΡΤΟΣ ΕΦΕΣΟΥ",,,,,0.0000000000000000e+00,0.0000000000000000e+00,0.0000000000000000e+00,,,,0,0
7460,"202727","ΠΑΤΑΤΟΠΙΤΑ ΑΨΗΤΗ","ΑΚΥΡΟΝ",,,,,"ΑΡΤΟΣ ΕΦΕΣΟΥ",,,,,0.0000000000000000e+00,0.0000000000000000e+00,0.0000000000000000e+00,,,,0,0
7462,"17021","ΠΑΤΑΤΟΠΙΤΑ","17-Πίτες",,,,,"ΑΡΤΟΣ ΕΦΕΣΟΥ",,,,,0.0000000000000000e+00,0.0000000000000000e+00,0.0000000000000000e+00,,,,0,0
7463,"17022","Χ","17-Πίτες",,,,,"ΑΡΤΟΣ ΕΦΕΣΟΥ",,,,,0.0000000000000000e+00,0.0000000000000000e+00,0.0000000000000000e+00,,,,0,0
7471,"202728","ΣΠΑΝΑΚΟΠΙΤΑΚΙ ΛΑΔΙΟ ΑΨΗΤΟ","ΑΚΥΡΟΝ",,,,,"ΑΡΤΟΣ ΕΦΕΣΟΥ",,,,,0.0000000000000000e+00,0.0000000000000000e+00,0.0000000000000000e+00,,,,0,0
7472,"12005","ΠΙΤΣΑΚΙ","12-Αρτοσκευάσματα αλμυρα",,,,,"ΑΡΤΟΣ ΕΦΕΣΟΥ","Ενδέχεται να περιέχει ίχνη Γάλακτος,ξηρων καρπών,αραχίδων,σόγιας,σπανακιού,αυγού",,,,0.0000000000000000e+00,0.0000000000000000e+00,0.0000000000000000e+00,,,,0,0
7475,"12006","ΡΟΛΑΚΙΑ","12-Αρτοσκευάσματα αλμυρα",,,,,"ΑΡΤΟΣ ΕΦΕΣΟΥ","Ενδέχεται να περιέχει ίχνη Γάλακτος,ξηρων καρπών,αραχίδων,σόγιας,σπανακιού,αυγού",,,,0.0000000000000000e+00,0.0000000000000000e+00,0.0000000000000000e+00,,,,0,0
7485,"12007","ΧΟΒΙΣ ΣΑΝΤΟΥΙΤΣ ΚΡΥΟ","12-Αρτοσκευάσματα αλμυρα",,,,,"ΑΡΤΟΣ ΕΦΕΣΟΥ","Ενδέχεται να περιέχει ίχνη Γάλακτος,ξηρων καρπών,αραχίδων,σόγιας,σπανακιού,αυγού",,,,0.0000000000000000e+00,0.0000000000000000e+00,0.0000000000000000e+00,,,,0,0
7486,"12008","ΠΟΛΥΣΠΟΡΟ ΚΡ. ΣΑΝΤΟΥΙΤΣ ΜΕΓ","12-Αρτοσκευάσματα αλμυρα",,,,,"ΑΡΤΟΣ ΕΦΕΣΟΥ","Ενδέχεται να περιέχει ίχνη Γάλακτος,ξηρων καρπών,αραχίδων,σόγιας,σπανακιού,αυγού",,,,0.0000000000000000e+00,0.0000000000000000e+00,0.0000000000000000e+00,,,,0,0
7489,"12009","ΜΠΟΥΚΙΤΣΑ ΟΛΙΚΗΣ ΚΡΥΟ ΣΑΝΤΟΥΙΤΣ","12-Αρτοσκευάσματα αλμυρα",,,,,"ΑΡΤΟΣ ΕΦΕΣΟΥ","Ενδέχεται να περιέχει ίχνη Γάλακτος,ξηρων καρπών,αραχίδων,σόγιας,σπανακιού,αυγού",,,,0.0000000000000000e+00,0.0000000000000000e+00,0.0000000000000000e+00,,,,0,0
7490,"12013","ΜΠΟΥΚΙΤΣΑ ΚΡΥΟ ΣΑΝΤ.ΠΟΛΥΣΠΟΡΗ","12-Αρτοσκευάσματα αλμυρα",,,,,"ΑΡΤΟΣ ΕΦΕΣΟΥ","Ενδέχεται να περιέχει ίχνη Γάλακτος,ξηρων καρπών,αραχίδων,σόγιας,σπανακιού,αυγού",,,,0.0000000000000000e+00,0.0000000000000000e+00,0.0000000000000000e+00,,,,0,0
7491,"12014","ΜΠΟΥΚΙΤΣΑ ΣΙΚΑΛΗΣ ΚΡΥΟ ΣΑΝΤ.","12-Αρτοσκευάσματα αλμυρα",,,,,"ΑΡΤΟΣ ΕΦΕΣΟΥ","Ενδέχεται να περιέχει ίχνη Γάλακτος,ξηρων καρπών,αραχίδων,σόγιας,σπανακιού,αυγού",,,,0.0000000000000000e+00,0.0000000000000000e+00,0.0000000000000000e+00,,,,0,0
7492,"12015","ΛΑΓΑΝΑΚΙ ΝΗΣΤΙΣΙΜΟ","12-Αρτοσκευάσματα αλμυρα",,,,,"ΑΡΤΟΣ ΕΦΕΣΟΥ","Ενδέχεται να περιέχει ίχνη Γάλακτος,ξηρων καρπών,αραχίδων,σόγιας,σπανακιού,αυγού",,,,0.0000000000000000e+00,0.0000000000000000e+00,0.0000000000000000e+00,,,,0,0
7493,"11018","ΓΙΑΟΥΡΤΟΚΕΙΚ","11-Αρτοσκευάσματα γλυκά",,,,,"ΑΡΤΟΣ ΕΦΕΣΟΥ","Ενδέχεται να περιέχει ίχνη Γάλακτος,ξηρων καρπών,αραχίδων,σόγιας,σπανακιού,αυγού",,,,0.0000000000000000e+00,0.0000000000000000e+00,0.0000000000000000e+00,,,,0,0
7494,"11096","ΠΟΡΤΟΚΑΛΟΠΙΤΑ ΚΙΛΟΥ","11-Αρτοσκευάσματα γλυκά",,,,,"ΑΡΤΟΣ ΕΦΕΣΟΥ","Ενδέχεται να περιέχει ίχνη Γάλακτος,ξηρων καρπών,αραχίδων,σόγιας,σπανακιού,αυγού",,,,0.0000000000000000e+00,0.0000000000000000e+00,0.0000000000000000e+00,,,,0,0
7526,"12016","ΠΙΡΟΣΚΙ ΜΕ ΤΥΡΙ","12-Αρτοσκευάσματα αλμυρα",,,,,"ΑΡΤΟΣ ΕΦΕΣΟΥ","Ενδέχεται να περιέχει ίχνη Γάλακτος,ξηρων καρπών,αραχίδων,σόγιας,σπανακιού,αυγού",,,,0.0000000000000000e+00,0.0000000000000000e+00,0.0000000000000000e+00,,,,0,0
7527,"12017","ΠΙΡΟΣΚΙ ΜΕ ΠΑΤΑΤΑ","12-Αρτοσκευάσματα αλμυρα",,,,,"ΑΡΤΟΣ ΕΦΕΣΟΥ","Ενδέχεται να περιέχει ίχνη Γάλακτος,ξηρων καρπών,αραχίδων,σόγιας,σπανακιού,αυγού",,,,0.0000000000000000e+00,0.0000000000000000e+00,0.0000000000000000e+00,,,,0,0
7529,"12018","ΠΕΙΝΙΡΛΑΚΙ ΜΕ ΚΑΣΕΡΙ","12-Αρτοσκευάσματα αλμυρα",,,,,"ΑΡΤΟΣ ΕΦΕΣΟΥ","Ενδέχεται να περιέχει ίχνη Γάλακτος,ξηρων καρπών,αραχίδων,σόγιας,σπανακιού,αυγού",,,,0.0000000000000000e+00,0.0000000000000000e+00,0.0000000000000000e+00,,,,0,0
7530,"12019","ΠΕΙΝΙΡΛΑΚΙ ΜΕ ΤΥΡΙ","12-Αρτοσκευάσματα αλμυρα",,,,,"ΑΡΤΟΣ ΕΦΕΣΟΥ","Ενδέχεται να περιέχει ίχνη Γάλακτος,ξηρων καρπών,αραχίδων,σόγιας,σπανακιού,αυγού",,,,0.0000000000000000e+00,0.0000000000000000e+00,0.0000000000000000e+00,,,,0,0
7531,"12020","ΠΕΙΝΙΡΛΑΚΙ ΜΕ ΠΑΤΑΤΑ","12-Αρτοσκευάσματα αλμυρα",,,,,"ΑΡΤΟΣ ΕΦΕΣΟΥ","Ενδέχεται να περιέχει ίχνη Γάλακτος,ξηρων καρπών,αραχίδων,σόγιας,σπανακιού,αυγού",,,,0.0000000000000000e+00,0.0000000000000000e+00,0.0000000000000000e+00,,,,0,0
7532,"12021","ΠΕΙΝΙΡΛΑΚΙ ΜΕ ΜΠΕΙΚΟΝ-ΜΑΝΙΤΑΡΙ","12-Αρτοσκευάσματα αλμυρα",,,,,"ΑΡΤΟΣ ΕΦΕΣΟΥ","Ενδέχεται να περιέχει ίχνη Γάλακτος,ξηρων καρπών,αραχίδων,σόγιας,σπανακιού,αυγού",,,,0.0000000000000000e+00,0.0000000000000000e+00,0.0000000000000000e+00,,,,0,0
7534,"12022","ΠΕΙΝΙΡΛΑΚΙ ΜΕ ΜΑΝΙΤΑΡΙ- ΕΛΙΑ","12-Αρτοσκευάσματα αλμυρα",,,,,"ΑΡΤΟΣ ΕΦΕΣΟΥ","Ενδέχεται να περιέχει ίχνη Γάλακτος,ξηρων καρπών,αραχίδων,σόγιας,σπανακιού,αυγού",,,,0.0000000000000000e+00,0.0000000000000000e+00,0.0000000000000000e+00,,,,0,0
7535,"19011","ΜΠΟΥΚΙΤΣΑ ΣΠΑΝΑΚΙ ΣΦΟΛΙΑΤΑΣ","19-Σφολιάτες",,,,,"ΑΡΤΟΣ ΕΦΕΣΟΥ",,,,,0.0000000000000000e+00,0.0000000000000000e+00,0.0000000000000000e+00,,,,0,0
7536,"19012","ΜΠΟΥΚΙΤΣΑ ΣΠΑΝΑΚΙ-ΤΥΡΙ ΚΟΥΡΟΥ","19-Σφολιάτες",,,,,"ΑΡΤΟΣ ΕΦΕΣΟΥ",,,,,0.0000000000000000e+00,0.0000000000000000e+00,0.0000000000000000e+00,,,,0,0
7537,"19013","ΜΠΟΥΚΙΤΣΑ ΖΑΜΠΟΝ-ΚΑΣΕΡΙ ΚΟΥΡΟΥ","19-Σφολιάτες",,,,,"ΑΡΤΟΣ ΕΦΕΣΟΥ",,,,,0.0000000000000000e+00,0.0000000000000000e+00,0.0000000000000000e+00,,,,0,0
7538,"19014","ΜΠΟΥΚΙΤΣΑ ΜΠΕΙΚΟΝ-ΜΑΝΙΤΑΡΙ ΚΟΥΡΟΥ","19-Σφολιάτες",,,,,"ΑΡΤΟΣ ΕΦΕΣΟΥ",,,,,0.0000000000000000e+00,0.0000000000000000e+00,0.0000000000000000e+00,,,,0,0
7539,"19015","ΜΠΟΥΚΙΤΣΑ ΜΑΝΙΤΑΡΙ-ΕΛΙΑ ΣΦΟΛΙΑΤΑΣ","19-Σφολιάτες",,,,,"ΑΡΤΟΣ ΕΦΕΣΟΥ",,,,,0.0000000000000000e+00,0.0000000000000000e+00,0.0000000000000000e+00,,,,0,0
7542,"10028","ΚΟΥΛΟΥΡΙ ΘΕΣ/ΚΗΣ ΜΕ ΕΛΙΑ","10-Ψωμιά",,,,,"ΑΡΤΟΣ ΕΦΕΣΟΥ","Ενδέχεται να περιέχει ίχνη Γάλακτος,ξηρων καρπών,αραχίδων,σόγιας,σπανακιού,αυγού",,,,0.0000000000000000e+00,0.0000000000000000e+00,0.0000000000000000e+00,,,,0,0
7543,"10029","ΚΟΥΛΟΥΡΙ ΘΕΣ/ΚΗΣ ΜΕ ΣΤΑΦΙΔΑ","10-Ψωμιά",,,,,"ΑΡΤΟΣ ΕΦΕΣΟΥ","Ενδέχεται να περιέχει ίχνη Γάλακτος,ξηρων καρπών,αραχίδων,σόγιας,σπανακιού,αυγού",,,,0.0000000000000000e+00,0.0000000000000000e+00,0.0000000000000000e+00,,,,0,0
7545,"12144","ΜΠΟΥΚΙΤΣΑ ΧΟΒΙΣ ΚΡΥΟ ΣΑΝΤΟΥΙΤΣ","12-Αρτοσκευάσματα αλμυρα",,,,,"ΑΡΤΟΣ ΕΦΕΣΟΥ","Ενδέχεται να περιέχει ίχνη Γάλακτος,ξηρων καρπών,αραχίδων,σόγιας,σπανακιού,αυγού",,,,0.0000000000000000e+00,0.0000000000000000e+00,0.0000000000000000e+00,,,,0,0
7559,"15134","ΚΟΥΚΙΣ ΒΑΝΙΛΙΑΣ-ΔΑΚΡΥ-ΚΑΡΥΔΙ","13-Βουτήγματα",,,,,"ΑΡΤΟΣ ΕΦΕΣΟΥ","Ενδέχεται να περιέχει ίχνη Γάλακτος,ξηρων καρπών,αραχίδων,σόγιας,σπανακιού,αυγού",,,,0.0000000000000000e+00,0.0000000000000000e+00,0.0000000000000000e+00,,,,0,0
7560,"13130","ΒΟΥΤΗΓΜΑΤΑ-ΚΟΥΚΙΣ  ΔΙΑΦΟΡΑ","13-Βουτήγματα",,,,,"ΑΡΤΟΣ ΕΦΕΣΟΥ","Ενδέχεται να περιέχει ίχνη Γάλακτος,ξηρων καρπών,αραχίδων,σόγιας,σπανακιού,αυγού",,,,0.0000000000000000e+00,0.0000000000000000e+00,0.0000000000000000e+00,,,,0,0
7561,"16070","ΚΡΙΤΣΙΝΙΑ ΔΙΑΦΟΡΑ","16-Κριτσίνια",,,,,"ΑΡΤΟΣ ΕΦΕΣΟΥ","Ενδέχεται να περιέχει ίχνη Γάλακτος,ξηρων καρπών,αραχίδων,σόγιας,σπανακιού,αυγού",,,,0.0000000000000000e+00,0.0000000000000000e+00,0.0000000000000000e+00,,,,0,0
7562,"19016","ΜΠΟΥΚΙΤΣΕΣ ΔΙΑΦΟΡΕΣ ΚΟΥΡΟΥ","19-Σφολιάτες",,,,,"ΑΡΤΟΣ ΕΦΕΣΟΥ",,,,,0.0000000000000000e+00,0.0000000000000000e+00,0.0000000000000000e+00,,,,0,0
7563,"12058","ΜΠΟΥΚΙΤΣΕΣ ΔΙΑΦΟΡΕΣ ΚΡΥΟ ΣΑΝΤΟΥΙΤΣ","12-Αρτοσκευάσματα αλμυρα",,,,,"ΑΡΤΟΣ ΕΦΕΣΟΥ","Ενδέχεται να περιέχει ίχνη Γάλακτος,ξηρων καρπών,αραχίδων,σόγιας,σπανακιού,αυγού",,,,0.0000000000000000e+00,0.0000000000000000e+00,0.0000000000000000e+00,,,,0,0
7564,"12059","ΣΑΝΤΟΥΙΤΣ ΚΡΥΟ ΤΣΙΑΠΑΤΑ","12-Αρτοσκευάσματα αλμυρα",,,,,"ΑΡΤΟΣ ΕΦΕΣΟΥ","Ενδέχεται να περιέχει ίχνη Γάλακτος,ξηρων καρπών,αραχίδων,σόγιας,σπανακιού,αυγού",,,,0.0000000000000000e+00,0.0000000000000000e+00,0.0000000000000000e+00,,,,0,0
7565,"12060","ΣΑΝΤΟΥΙΤΣ ΚΡΥΟ ΤΣΙΑΠΑΤΑ ΝΗΣΤΙΣΙΜΟ","12-Αρτοσκευάσματα αλμυρα",,,,,"ΑΡΤΟΣ ΕΦΕΣΟΥ","Ενδέχεται να περιέχει ίχνη Γάλακτος,ξηρων καρπών,αραχίδων,σόγιας,σπανακιού,αυγού",,,,0.0000000000000000e+00,0.0000000000000000e+00,0.0000000000000000e+00,,,,0,0
7566,"12061","ΣΑΝΤΟΥΙΤΣ ΚΡΥΟ ΣΙΚΑΛΗΣ","12-Αρτοσκευάσματα αλμυρα",,,,,"ΑΡΤΟΣ ΕΦΕΣΟΥ","Ενδέχεται να περιέχει ίχνη Γάλακτος,ξηρων καρπών,αραχίδων,σόγιας,σπανακιού,αυγού",,,,0.0000000000000000e+00,0.0000000000000000e+00,0.0000000000000000e+00,,,,0,0
7582,"19063","ΚΡΟΥΑΣΑΝΑΚΙ ΑΔΕΙΟ 25 ΓΡΜ.","19-Σφολιάτες",,,,,"ΑΡΤΟΣ ΕΦΕΣΟΥ",,,,,0.0000000000000000e+00,0.0000000000000000e+00,0.0000000000000000e+00,,,,0,0
7592,"19003","ΔΙ","ΑΚΥΡΟΝ",,,,,"ΑΡΤΟΣ ΕΦΕΣΟΥ",,,,,0.0000000000000000e+00,0.0000000000000000e+00,0.0000000000000000e+00,,,,0,0
7594,"14090","ΚΕΡΑΣΟΠΙΤΑ","14-Κεικ",,,,,"ΑΡΤΟΣ ΕΦΕΣΟΥ","Ενδέχεται να περιέχει ίχνη Γάλακτος,ξηρων καρπών,αραχίδων,σόγιας,σπανακιού,αυγού",,,,0.0000000000000000e+00,0.0000000000000000e+00,0.0000000000000000e+00,,,,0,0
7595,"14091","ΣΟΚΟΛΑΤΙΝΑ","14-Κεικ",,,,,"ΑΡΤΟΣ ΕΦΕΣΟΥ","Ενδέχεται να περιέχει ίχνη Γάλακτος,ξηρων καρπών,αραχίδων,σόγιας,σπανακιού,αυγού",,,,0.0000000000000000e+00,0.0000000000000000e+00,0.0000000000000000e+00,,,,0,0
7602,"16071","ΚΡΙΤΣΙΝΙ ΜΠΡΕΤΣΕΛ","16-Κριτσίνια",,,,,"ΑΡΤΟΣ ΕΦΕΣΟΥ","Ενδέχεται να περιέχει ίχνη Γάλακτος,ξηρων καρπών,αραχίδων,σόγιας,σπανακιού,αυγού",,,,0.0000000000000000e+00,0.0000000000000000e+00,0.0000000000000000e+00,,,,0,0
7603,"16072","ΚΡΙΤΣΙΝΙ ΔΗΜΗΤΡΙΑΚΩΝ","16-Κριτσίνια",,,,,"ΑΡΤΟΣ ΕΦΕΣΟΥ","Ενδέχεται να περιέχει ίχνη Γάλακτος,ξηρων καρπών,αραχίδων,σόγιας,σπανακιού,αυγού",,,,0.0000000000000000e+00,0.0000000000000000e+00,0.0000000000000000e+00,,,,0,0
7608,"20050","ΠΑΞΙΜΑΔΙ ΚΥΚΛΑΔΙΤΙΚΟ 250 ΓΡΜ.","20-Παξιμάδια",,,,,"ΑΡΤΟΣ ΕΦΕΣΟΥ","Ενδέχεται να περιέχει ίχνη Γάλακτος,ξηρων καρπών,αραχίδων,σόγιας,σπανακιού,αυγού",,,,0.0000000000000000e+00,0.0000000000000000e+00,0.0000000000000000e+00,,,,0,0
7632,"10051","ΑΡΤΟΠ/ΣΜΑ T.2ΚΙΛΟ","10-Ψωμιά",,,,,"ΑΡΤΟΣ ΕΦΕΣΟΥ","Ενδέχεται να περιέχει ίχνη Γάλακτος,ξηρων καρπών,αραχίδων,σόγιας,σπανακιού,αυγού",,,,0.0000000000000000e+00,0.0000000000000000e+00,0.0000000000000000e+00,,,,0,0
7634,"991031","ΦΥΛΛΟ ΠΩΛΗΣΗΣ ΘΑΝΟΥ","19-Σφολιάτες",,,,,"ΑΡΤΟΣ ΕΦΕΣΟΥ",,,,,0.0000000000000000e+00,0.0000000000000000e+00,0.0000000000000000e+00,,,,0,0
7643,"11033","ΣΤΑΦΙΔΟΨΩΜΟ ΖΥΜΗΣ","11-Αρτοσκευάσματα γλυκά",,,,,"ΑΡΤΟΣ ΕΦΕΣΟΥ","Ενδέχεται να περιέχει ίχνη Γάλακτος,ξηρων καρπών,αραχίδων,σόγιας,σπανακιού,αυγού",,,,0.0000000000000000e+00,0.0000000000000000e+00,0.0000000000000000e+00,,,,0,0
7645,"20051","ΚΡΟΥΤΟΝ ΛΕΥΚΟ","20-Παξιμάδια",,,,,"ΑΡΤΟΣ ΕΦΕΣΟΥ","Ενδέχεται να περιέχει ίχνη Γάλακτος,ξηρων καρπών,αραχίδων,σόγιας,σπανακιού,αυγού",,,,0.0000000000000000e+00,0.0000000000000000e+00,0.0000000000000000e+00,,,,0,0
7646,"20052","ΚΡΟΥΤΟΝ ΟΛΙΚΗΣ","20-Παξιμάδια",,,,,"ΑΡΤΟΣ ΕΦΕΣΟΥ","Ενδέχεται να περιέχει ίχνη Γάλακτος,ξηρων καρπών,αραχίδων,σόγιας,σπανακιού,αυγού",,,,0.0000000000000000e+00,0.0000000000000000e+00,0.0000000000000000e+00,,,,0,0
7669,"17024","ΠΙΤΑΚΙ ΛΑΔΙΟΥ ΣΠΑΝΑΚΙ-ΤΥΡΙ","17-Πίτες",,,,,"ΑΡΤΟΣ ΕΦΕΣΟΥ",,,,,0.0000000000000000e+00,0.0000000000000000e+00,0.0000000000000000e+00,,,,0,0
7670,"17026","ΠΙΤΑΚΙ ΛΑΔΙΟΥ ΠΡΑΣΟ","17-Πίτες",,,,,"ΑΡΤΟΣ ΕΦΕΣΟΥ",,,,,0.0000000000000000e+00,0.0000000000000000e+00,0.0000000000000000e+00,,,,0,0
7671,"17027","ΠΙΤΑΚΙ ΛΑΔΙΟΥ ΠΡΑΣΟ -ΤΥΡΙ","17-Πίτες",,,,,"ΑΡΤΟΣ ΕΦΕΣΟΥ",,,,,0.0000000000000000e+00,0.0000000000000000e+00,0.0000000000000000e+00,,,,0,0
7672,"17028","ΠΙΤΑΚΙ ΛΑΔΙΟΥ ΠΙΤΣΑΣ","17-Πίτες",,,,,"ΑΡΤΟΣ ΕΦΕΣΟΥ",,,,,0.0000000000000000e+00,0.0000000000000000e+00,0.0000000000000000e+00,,,,0,0
7673,"17029","ΠΙΤΑΚΙ ΛΑΔΙΟΥ ΚΑΣΕΡΙ-ΖΑΜΠΟΝ","17-Πίτες",,,,,"ΑΡΤΟΣ ΕΦΕΣΟΥ",,,,,0.0000000000000000e+00,0.0000000000000000e+00,0.0000000000000000e+00,,,,0,0
7674,"17030","ΠΙΤΑΚΙ ΛΑΔΙΟΥ ΛΟΥΚΑΝΙΚΟ","17-Πίτες",,,,,"ΑΡΤΟΣ ΕΦΕΣΟΥ",,,,,0.0000000000000000e+00,0.0000000000000000e+00,0.0000000000000000e+00,,,,0,0
7690,"10082","ΑΡΤΟΠ/ΣΜΑ Τ. OΛΙΚΗΣ ΜΕ ΠΡΟΖΥΜΙ ΚΑΙ ΦΥΤΡΟ","10-Ψωμιά",,,,,"ΑΡΤΟΣ ΕΦΕΣΟΥ","Ενδέχεται να περιέχει ίχνη Γάλακτος,ξηρων καρπών,αραχίδων,σόγιας,σπανακιού,αυγού",,,,0.0000000000000000e+00,0.0000000000000000e+00,0.0000000000000000e+00,,,,0,0
7696,"17031","ΠΙΤΑΚΙΑ ΔΙΑΦΟΡΑ ΛΑΔΙΟΥ","17-Πίτες",,,,,"ΑΡΤΟΣ ΕΦΕΣΟΥ",,,,,0.0000000000000000e+00,0.0000000000000000e+00,0.0000000000000000e+00,,,,0,0
7697,"17032","Κ","17-Πίτες",,,,,"ΑΡΤΟΣ ΕΦΕΣΟΥ",,,,,0.0000000000000000e+00,0.0000000000000000e+00,0.0000000000000000e+00,,,,0,0
7700,"15135","ΝΗΣΤΙΣΙΜΗ ΠΛΕΞΟΥΔΑ","13-Βουτήγματα",,,,,"ΑΡΤΟΣ ΕΦΕΣΟΥ","Ενδέχεται να περιέχει ίχνη Γάλακτος,ξηρων καρπών,αραχίδων,σόγιας,σπανακιού,αυγού",,,,0.0000000000000000e+00,0.0000000000000000e+00,0.0000000000000000e+00,,,,0,0
7701,"15136","ΔΙΑΜΑΝΤΙ ΣΟΚΟΛΑΤΑΣ","13-Βουτήγματα",,,,,"ΑΡΤΟΣ ΕΦΕΣΟΥ","Ενδέχεται να περιέχει ίχνη Γάλακτος,ξηρων καρπών,αραχίδων,σόγιας,σπανακιού,αυγού",,,,0.0000000000000000e+00,0.0000000000000000e+00,0.0000000000000000e+00,,,,0,0
7702,"17033","ΠΙΤΑ ΣΤΡΙΦΤΗ ΣΠΑΝΑΚΙ ΝΗΣΤΙΣΙΜΟ","17-Πίτες",,,,,"ΑΡΤΟΣ ΕΦΕΣΟΥ",,,,,0.0000000000000000e+00,0.0000000000000000e+00,0.0000000000000000e+00,,,,0,0
7703,"202729","ΠΙΤΑ ΣΤΡΙΦΤΗ ΣΠΑΝΑΚΙ ΑΨΗΤΗ","2027-ΕΤΟΙΜΑ ΚΟΜΑΤΙΑΣΤΑ",,,,,"ΑΡΤΟΣ ΕΦΕΣΟΥ",,,,,0.0000000000000000e+00,0.0000000000000000e+00,0.0000000000000000e+00,,,,0,0
7705,"10052","ΑΡΤΟΠ/ΜΑ Τ 2ΚΙΛΟ  750 γρμ.","10-Ψωμιά",,,,,"ΑΡΤΟΣ ΕΦΕΣΟΥ","Ενδέχεται να περιέχει ίχνη Γάλακτος,ξηρων καρπών,αραχίδων,σόγιας,σπανακιού,αυγού",,,,0.0000000000000000e+00,0.0000000000000000e+00,0.0000000000000000e+00,,,,0,0
7708,"18001","ΦΙΟΓΚΑΚΙΑ","18-Σιροπιαστά",,,,,"ΑΡΤΟΣ ΕΦΕΣΟΥ","Ενδέχεται να περιέχει ίχνη Γάλακτος,ξηρων καρπών,αραχίδων,σόγιας,σπανακιού,αυγού",,,,0.0000000000000000e+00,0.0000000000000000e+00,0.0000000000000000e+00,,,,0,0
7710,"14130","ΣΟΥΦΛΕ","14-Κεικ",,,,,"ΑΡΤΟΣ ΕΦΕΣΟΥ","Ενδέχεται να περιέχει ίχνη Γάλακτος,ξηρων καρπών,αραχίδων,σόγιας,σπανακιού,αυγού",,,,0.0000000000000000e+00,0.0000000000000000e+00,0.0000000000000000e+00,,,,0,0
7722,"19017","ΜΠΟΥΚΙΤΣΕΣ ΔΙΑΦΟΡΕΣ σφολιατας","19-Σφολιάτες",,,,,"ΑΡΤΟΣ ΕΦΕΣΟΥ",,,,,0.0000000000000000e+00,0.0000000000000000e+00,0.0000000000000000e+00,,,,0,0
7745,"14131","ΣΟΥΦΛΕΔΑΚΙΑ","14-Κεικ",,,,,"ΑΡΤΟΣ ΕΦΕΣΟΥ","Ενδέχεται να περιέχει ίχνη Γάλακτος,ξηρων καρπών,αραχίδων,σόγιας,σπανακιού,αυγού",,,,0.0000000000000000e+00,0.0000000000000000e+00,0.0000000000000000e+00,,,,0,0
7746,"15137","ΔΙΑΜΑΝΤΙ ΔΙΑΦΟΡΕΣ ΓΕΥΣΕΙΣ","13-Βουτήγματα",,,,,"ΑΡΤΟΣ ΕΦΕΣΟΥ","Ενδέχεται να περιέχει ίχνη Γάλακτος,ξηρων καρπών,αραχίδων,σόγιας,σπανακιού,αυγού",,,,0.0000000000000000e+00,0.0000000000000000e+00,0.0000000000000000e+00,,,,0,0
7751,"14132","ΤΖΙΖ ΚΕΙΚ ΚΑΝΑΚΗ","14-Κεικ",,,,,"ΑΡΤΟΣ ΕΦΕΣΟΥ","Ενδέχεται να περιέχει ίχνη Γάλακτος,ξηρων καρπών,αραχίδων,σόγιας,σπανακιού,αυγού",,,,0.0000000000000000e+00,0.0000000000000000e+00,0.0000000000000000e+00,,,,0,0
7757,"13102","ΠΤΙ-ΦΟΥΡ ΣΟΚΟΛΑΤΑΣ","13-Βουτήγματα",,,,,"ΑΡΤΟΣ ΕΦΕΣΟΥ","Ενδέχεται να περιέχει ίχνη Γάλακτος,ξηρων καρπών,αραχίδων,σόγιας,σπανακιού,αυγού",,,,0.0000000000000000e+00,0.0000000000000000e+00,0.0000000000000000e+00,,,,0,0
7759,"20068","ΚΡΑΚΕΡ ΠΟΛΥΣΠΟΡΟ","20-Παξιμάδια",,,,,"ΑΡΤΟΣ ΕΦΕΣΟΥ","Ενδέχεται να περιέχει ίχνη Γάλακτος,ξηρων καρπών,αραχίδων,σόγιας,σπανακιού,αυγού",,,,0.0000000000000000e+00,0.0000000000000000e+00,0.0000000000000000e+00,,,,0,0
7760,"12024","Ο","11-Αρτοσκευάσματα γλυκά",,,,,"ΑΡΤΟΣ ΕΦΕΣΟΥ","Ενδέχεται να περιέχει ίχνη Γάλακτος,ξηρων καρπών,αραχίδων,σόγιας,σπανακιού,αυγού",,,,0.0000000000000000e+00,0.0000000000000000e+00,0.0000000000000000e+00,,,,0,0
7766,"11016","ΠΟΡΤΟΚΑΛΟΠΙΤΑ","11-Αρτοσκευάσματα γλυκά",,,,,"ΑΡΤΟΣ ΕΦΕΣΟΥ","Ενδέχεται να περιέχει ίχνη Γάλακτος,ξηρων καρπών,αραχίδων,σόγιας,σπανακιού,αυγού",,,,0.0000000000000000e+00,0.0000000000000000e+00,0.0000000000000000e+00,,,,0,0
7767,"11019","ΟΤΙΑ","11-Αρτοσκευάσματα γλυκά",,,,,"ΑΡΤΟΣ ΕΦΕΣΟΥ","Ενδέχεται να περιέχει ίχνη Γάλακτος,ξηρων καρπών,αραχίδων,σόγιας,σπανακιού,αυγού",,,,0.0000000000000000e+00,0.0000000000000000e+00,0.0000000000000000e+00,,,,0,0
7768,"12023","ΛΑΓΑΝΑΚΙ ΠΙΚΑΝΤΙΚΟ","12-Αρτοσκευάσματα αλμυρα",,,,,"ΑΡΤΟΣ ΕΦΕΣΟΥ","Ενδέχεται να περιέχει ίχνη Γάλακτος,ξηρων καρπών,αραχίδων,σόγιας,σπανακιού,αυγού",,,,0.0000000000000000e+00,0.0000000000000000e+00,0.0000000000000000e+00,,,,0,0
7773,"16073","ΚΡΙΤΣΙΝΙ ΚΑΛΑΜΠΟΚΙΟΥ ΠΙΚΑΝΤΙΚΟ","16-Κριτσίνια",,,,,"ΑΡΤΟΣ ΕΦΕΣΟΥ","Ενδέχεται να περιέχει ίχνη Γάλακτος,ξηρων καρπών,αραχίδων,σόγιας,σπανακιού,αυγού",,,,0.0000000000000000e+00,0.0000000000000000e+00,0.0000000000000000e+00,,,,0,0
7779,"39001","ΑΛΕΥΡΙ Τ Μ. ΕΜΠΟΡΕΥΜΑ","39-ΔΗΜΗΤΡΙΑΚΑ-ΕΜΠΟΡΕΥΜΑΤΑ",,,,,"ΑΡΤΟΣ ΕΦΕΣΟΥ",,,,,0.0000000000000000e+00,0.0000000000000000e+00,0.0000000000000000e+00,,,,0,0
7784,"12100","ΔΙΑΦΟΡΑ ΣΝΑΚ ΑΛΜΥΡΑ","12-Αρτοσκευάσματα αλμυρα",,,,,"ΑΡΤΟΣ ΕΦΕΣΟΥ","Ενδέχεται να περιέχει ίχνη Γάλακτος,ξηρων καρπών,αραχίδων,σόγιας,σπανακιού,αυγού",,,,0.0000000000000000e+00,0.0000000000000000e+00,0.0000000000000000e+00,,,,0,0
7794,"11097","ΤΑΡΤΑ ΜΗΛΟΥ","11-Αρτοσκευάσματα γλυκά",,,,,"ΑΡΤΟΣ ΕΦΕΣΟΥ","Ενδέχεται να περιέχει ίχνη Γάλακτος,ξηρων καρπών,αραχίδων,σόγιας,σπανακιού,αυγού",,,,0.0000000000000000e+00,0.0000000000000000e+00,0.0000000000000000e+00,,,,0,0
7802,"14133","ΚΑΡΑΜΕΛΟΠΙΤΑ","14-Κεικ",,,,,"ΑΡΤΟΣ ΕΦΕΣΟΥ","Ενδέχεται να περιέχει ίχνη Γάλακτος,ξηρων καρπών,αραχίδων,σόγιας,σπανακιού,αυγού",,,,0.0000000000000000e+00,0.0000000000000000e+00,0.0000000000000000e+00,,,,0,0
7807,"14134","ΣΟΚΟΛΑΤΟΠΙΤΑ","14-Κεικ",,,,,"ΑΡΤΟΣ ΕΦΕΣΟΥ","Ενδέχεται να περιέχει ίχνη Γάλακτος,ξηρων καρπών,αραχίδων,σόγιας,σπανακιού,αυγού",,,,0.0000000000000000e+00,0.0000000000000000e+00,0.0000000000000000e+00,,,,0,0
7818,"12024","ΜΠΟΥΚΙΤΣΕΣ ΤΗΣ ΓΙΑΓΙΑΣ ΔΙΑΦΟΡΕΣ","12-Αρτοσκευάσματα αλμυρα",,,,,"ΑΡΤΟΣ ΕΦΕΣΟΥ","Ενδέχεται να περιέχει ίχνη Γάλακτος,ξηρων καρπών,αραχίδων,σόγιας,σπανακιού,αυγού",,,,0.0000000000000000e+00,0.0000000000000000e+00,0.0000000000000000e+00,,,,0,0
7819,"12025","ΚΕΝΟ","12-Αρτοσκευάσματα αλμυρα",,,,,"ΑΡΤΟΣ ΕΦΕΣΟΥ","Ενδέχεται να περιέχει ίχνη Γάλακτος,ξηρων καρπών,αραχίδων,σόγιας,σπανακιού,αυγού",,,,0.0000000000000000e+00,0.0000000000000000e+00,0.0000000000000000e+00,,,,0,0
7826,"11034","ΛΟΥΚΟΥΜΑΣ ΠΑΡΑΔΟΣΙΑΚΟΣ","11-Αρτοσκευάσματα γλυκά",,,,,"ΑΡΤΟΣ ΕΦΕΣΟΥ","Ενδέχεται να περιέχει ίχνη Γάλακτος,ξηρων καρπών,αραχίδων,σόγιας,σπανακιού,αυγού",,,,0.0000000000000000e+00,0.0000000000000000e+00,0.0000000000000000e+00,,,,0,0
7828,"14135","ΓΑΛΑΤΟΠΙΤΑ","14-Κεικ",,,,,"ΑΡΤΟΣ ΕΦΕΣΟΥ","Ενδέχεται να περιέχει ίχνη Γάλακτος,ξηρων καρπών,αραχίδων,σόγιας,σπανακιού,αυγού",,,,0.0000000000000000e+00,0.0000000000000000e+00,0.0000000000000000e+00,,,,0,0
7829,"17023","ΧΩΡΙΑΤΙΚΗ ΝΗΣΤΙΣΙΜΗ ΜΕ ΜΕΛΙΤΖΑΝΑ","17-Πίτες",,,,,"ΑΡΤΟΣ ΕΦΕΣΟΥ",,,,,0.0000000000000000e+00,0.0000000000000000e+00,0.0000000000000000e+00,,,,0,0
7832,,"1","12-Αρτοσκευάσματα αλμυρα",,,,,"ΑΡΤΟΣ ΕΦΕΣΟΥ","Ενδέχεται να περιέχει ίχνη Γάλακτος,ξηρων καρπών,αραχίδων,σόγιας,σπανακιού,αυγού",,,,0.0000000000000000e+00,0.0000000000000000e+00,0.0000000000000000e+00,,,,0,0
7833,,"Κ","12-Αρτοσκευάσματα αλμυρα",,,,,"ΑΡΤΟΣ ΕΦΕΣΟΥ","Ενδέχεται να περιέχει ίχνη Γάλακτος,ξηρων καρπών,αραχίδων,σόγιας,σπανακιού,αυγού",,,,0.0000000000000000e+00,0.0000000000000000e+00,0.0000000000000000e+00,,,,0,0
7834,"17034","ΠΙΤΑΚΙΑ ΛΑΔΙΟΥ ΜΑΝΙΤΑΡΙ-ΜΠΕΙΚΟΝ","17-Πίτες",,,,,"ΑΡΤΟΣ ΕΦΕΣΟΥ",,,,,0.0000000000000000e+00,0.0000000000000000e+00,0.0000000000000000e+00,,,,0,0
7835,"17035","ΠΙΤΑΚΙΑ ΛΑΔΙΟΥ ΠΑΤΑΤΑΣ-ΕΛΙΑΣ ΝΗΣΤΙΣΙΜΑ","17-Πίτες",,,,,"ΑΡΤΟΣ ΕΦΕΣΟΥ",,,,,0.0000000000000000e+00,0.0000000000000000e+00,0.0000000000000000e+00,,,,0,0
7836,"10053","ΤΣΙΑΠΑΤΑΚΙ ΑΔΕΙΟ 25 ΓΡΜ.","10-Ψωμιά",,,,,"ΑΡΤΟΣ ΕΦΕΣΟΥ","Ενδέχεται να περιέχει ίχνη Γάλακτος,ξηρων καρπών,αραχίδων,σόγιας,σπανακιού,αυγού",,,,0.0000000000000000e+00,0.0000000000000000e+00,0.0000000000000000e+00,,,,0,0
7840,"17025","ΠΟΛΥΣΠΟΡΟ ΠΙΤΑΚΙ ΛΑΧΑΝΙΚΩΝ","17-Πίτες",,,,,"ΑΡΤΟΣ ΕΦΕΣΟΥ",,,,,0.0000000000000000e+00,0.0000000000000000e+00,0.0000000000000000e+00,,,,0,0
7851,"10083","ΜΠΟΥΚΙΤΣΕΣ  ΔΙΑΦΟΡΕΣ ΑΔΕΙΕΣ 25γρ","10-Ψωμιά",,,,,"ΑΡΤΟΣ ΕΦΕΣΟΥ","Ενδέχεται να περιέχει ίχνη Γάλακτος,ξηρων καρπών,αραχίδων,σόγιας,σπανακιού,αυγού",,,,0.0000000000000000e+00,0.0000000000000000e+00,0.0000000000000000e+00,,,,0,0
7852,"18002","ΧΕΙΛΑΚΙ","18-Σιροπιαστά",,,,,"ΑΡΤΟΣ ΕΦΕΣΟΥ","Ενδέχεται να περιέχει ίχνη Γάλακτος,ξηρων καρπών,αραχίδων,σόγιας,σπανακιού,αυγού",,,,0.0000000000000000e+00,0.0000000000000000e+00,0.0000000000000000e+00,,,,0,0
7853,"18003","ΦΕΙΛΩΤΟ","18-Σιροπιαστά",,,,,"ΑΡΤΟΣ ΕΦΕΣΟΥ","Ενδέχεται να περιέχει ίχνη Γάλακτος,ξηρων καρπών,αραχίδων,σόγιας,σπανακιού,αυγού",,,,0.0000000000000000e+00,0.0000000000000000e+00,0.0000000000000000e+00,,,,0,0
7860,"18004","ΚΑΤΑΙΦΑΚΙ","18-Σιροπιαστά",,,,,"ΑΡΤΟΣ ΕΦΕΣΟΥ","Ενδέχεται να περιέχει ίχνη Γάλακτος,ξηρων καρπών,αραχίδων,σόγιας,σπανακιού,αυγού",,,,0.0000000000000000e+00,0.0000000000000000e+00,0.0000000000000000e+00,,,,0,0
7863,"17036","ΧΩΡΙΑΤΙΚΗ ΠΙΤΑ ΚΟΤΟΠΟΥΛΟ","17-Πίτες",,,,,"ΑΡΤΟΣ ΕΦΕΣΟΥ",,,,,0.0000000000000000e+00,0.0000000000000000e+00,0.0000000000000000e+00,,,,0,0
7867,"17037","ΠΙΤΑΚΙ ΛΑΔΙΟΥ ΚΟΤΟΠΟΥΛΟ","17-Πίτες",,,,,"ΑΡΤΟΣ ΕΦΕΣΟΥ",,,,,0.0000000000000000e+00,0.0000000000000000e+00,0.0000000000000000e+00,,,,0,0
7868,"17038","ΠΙΤΑΚΙ ΛΑΔΙΟΥ ΚΥΜΑ-ΠΡΑΣΟ","17-Πίτες",,,,,"ΑΡΤΟΣ ΕΦΕΣΟΥ",,,,,0.0000000000000000e+00,0.0000000000000000e+00,0.0000000000000000e+00,,,,0,0
7869,"17039","ΠΙΤΑΚΙ ΛΑΔΙΟΥ ΠΑΤΑΤΑ","17-Πίτες",,,,,"ΑΡΤΟΣ ΕΦΕΣΟΥ",,,,,0.0000000000000000e+00,0.0000000000000000e+00,0.0000000000000000e+00,,,,0,0
7871,"12026","ΠΙΤΣΑΚΙΑ ΝΤΟΜΑΤΑΣ","12-Αρτοσκευάσματα αλμυρα",,,,,"ΑΡΤΟΣ ΕΦΕΣΟΥ","Ενδέχεται να περιέχει ίχνη Γάλακτος,ξηρων καρπών,αραχίδων,σόγιας,σπανακιού,αυγού",,,,0.0000000000000000e+00,0.0000000000000000e+00,0.0000000000000000e+00,,,,0,0
7872,"12027","ΜΠΟΥΚΙΤΣΕΣ ΚΡΥΕΣ ΤΣΙΑΠΑΤΑΚΙΑ","12-Αρτοσκευάσματα αλμυρα",,,,,"ΑΡΤΟΣ ΕΦΕΣΟΥ","Ενδέχεται να περιέχει ίχνη Γάλακτος,ξηρων καρπών,αραχίδων,σόγιας,σπανακιού,αυγού",,,,0.0000000000000000e+00,0.0000000000000000e+00,0.0000000000000000e+00,,,,0,0
7873,"19020","ΚΟΥΡΟΥ ΜΠΑΣΤ.ΖΑΜΠΟΝ-ΚΑΣΕΡΙ","19-Σφολιάτες",,,,,"ΑΡΤΟΣ ΕΦΕΣΟΥ",,,,,0.0000000000000000e+00,0.0000000000000000e+00,0.0000000000000000e+00,,,,0,0
7875,"12062","ΣΑΝΤΟΥΙΤΣ ΚΡΥΟ  ΚΟΤΟΠΟΥΛΟ","12-Αρτοσκευάσματα αλμυρα",,,,,"ΑΡΤΟΣ ΕΦΕΣΟΥ","Ενδέχεται να περιέχει ίχνη Γάλακτος,ξηρων καρπών,αραχίδων,σόγιας,σπανακιού,αυγού",,,,0.0000000000000000e+00,0.0000000000000000e+00,0.0000000000000000e+00,,,,0,0
7881,"17040","ΣΤΡΙΦΤΗ ΠΡΑΣΟ ΝΗΣΤΙΣΙΜΗ","17-Πίτες",,,,,"ΑΡΤΟΣ ΕΦΕΣΟΥ",,,,,0.0000000000000000e+00,0.0000000000000000e+00,0.0000000000000000e+00,,,,0,0
7882,"17041","ΣΤΡΙΦΤΗ ΠΑΤΑΤΑΣ ΝΗΣΤΙΣΙΜΗ","17-Πίτες",,,,,"ΑΡΤΟΣ ΕΦΕΣΟΥ",,,,,0.0000000000000000e+00,0.0000000000000000e+00,0.0000000000000000e+00,,,,0,0
7883,"17042","ΣΤΡΙΦΤΗ ΜΕ ΤΥΡΙ","17-Πίτες",,,,,"ΑΡΤΟΣ ΕΦΕΣΟΥ",,,,,0.0000000000000000e+00,0.0000000000000000e+00,0.0000000000000000e+00,,,,0,0
7884,"17043","ΣΤΡΙΦΤΗ ΣΠΑΝΑΚΙ ΝΗΣΤΙΣΙΜΗ","17-Πίτες",,,,,"ΑΡΤΟΣ ΕΦΕΣΟΥ",,,,,0.0000000000000000e+00,0.0000000000000000e+00,0.0000000000000000e+00,,,,0,0
7885,"17044","ΣΤΡΙΦΤΗ ΣΠΑΝΑΚΙ-ΤΥΡΙ","17-Πίτες",,,,,"ΑΡΤΟΣ ΕΦΕΣΟΥ",,,,,0.0000000000000000e+00,0.0000000000000000e+00,0.0000000000000000e+00,,,,0,0
7890,"16058","ΚΡΙΤΣΙΝΙ ΛΙΑΣΤΗΣ ΝΤΟΜΑΤΑΣ ΠΙΚΑΝΤΙΚΟ","16-Κριτσίνια",,,,,"ΑΡΤΟΣ ΕΦΕΣΟΥ","Ενδέχεται να περιέχει ίχνη Γάλακτος,ξηρων καρπών,αραχίδων,σόγιας,σπανακιού,αυγού",,,,0.0000000000000000e+00,0.0000000000000000e+00,0.0000000000000000e+00,,,,0,0
7891,"10054","ΣΤΡΙΦΤΟ ΚΟΥΛΟΥΡΙ ΕΛΙΑΣ","10-Ψωμιά",,,,,"ΑΡΤΟΣ ΕΦΕΣΟΥ","Ενδέχεται να περιέχει ίχνη Γάλακτος,ξηρων καρπών,αραχίδων,σόγιας,σπανακιού,αυγού",,,,0.0000000000000000e+00,0.0000000000000000e+00,0.0000000000000000e+00,,,,0,0
7892,"10068","ΑΡΤΟΠ/ΣΜΑ Τ  ΚΡΙΘΑΡΙΟΥ","10-Ψωμιά",,,,,"ΑΡΤΟΣ ΕΦΕΣΟΥ","Ενδέχεται να περιέχει ίχνη Γάλακτος,ξηρων καρπών,αραχίδων,σόγιας,σπανακιού,αυγού",,,,0.0000000000000000e+00,0.0000000000000000e+00,0.0000000000000000e+00,,,,0,0
7899,"35001"," ΣΙΡΟΠΙΑΣΤΑ ΔΙΑΦΟΡΑ ΕΜΠΟΡΕΥΜΑΤΑ","35-ΣΙΡΟΠΙΑΣΤΑ-ΕΜΠΟΡΕΥΜΑΤΑ",,,,,"ΑΡΤΟΣ ΕΦΕΣΟΥ",,,,,0.0000000000000000e+00,0.0000000000000000e+00,0.0000000000000000e+00,,,,0,0
7900,"19005","DANISCH TOMAS","19-Σφολιάτες",,,,,"ΑΡΤΟΣ ΕΦΕΣΟΥ",,,,,0.0000000000000000e+00,0.0000000000000000e+00,0.0000000000000000e+00,,,,0,0
7907,"10055","ΑΡΤΟΠ/ΣΜΑ ΜΕ ΦΥΤΙΚΕΣ ΣΤΕΡΟΛΕΣ","10-Ψωμιά",,,,,"ΑΡΤΟΣ ΕΦΕΣΟΥ","Ενδέχεται να περιέχει ίχνη Γάλακτος,ξηρων καρπών,αραχίδων,σόγιας,σπανακιού,αυγού",,,,0.0000000000000000e+00,0.0000000000000000e+00,0.0000000000000000e+00,,,,0,0
7908,"10056","ΑΡΤΟΠ/ΣΜΑ ΓΙΑ ΥΠΕΡΤΑΣΙΚΟΥΣ","10-Ψωμιά",,,,,"ΑΡΤΟΣ ΕΦΕΣΟΥ","Ενδέχεται να περιέχει ίχνη Γάλακτος,ξηρων καρπών,αραχίδων,σόγιας,σπανακιού,αυγού",,,,0.0000000000000000e+00,0.0000000000000000e+00,0.0000000000000000e+00,,,,0,0
7909,"10058","ΑΡΤΟΠ/ΣΜΑ Τ.ΒΙΟ ΧΩΡΙΑΤΙΚΟ","10-Ψωμιά",,,,,"ΑΡΤΟΣ ΕΦΕΣΟΥ","Ενδέχεται να περιέχει ίχνη Γάλακτος,ξηρων καρπών,αραχίδων,σόγιας,σπανακιού,αυγού",,,,0.0000000000000000e+00,0.0000000000000000e+00,0.0000000000000000e+00,,,,0,0
7910,"10065","ΑΡΤΟΠ/ΣΜΑ ΒΙΟ ΟΛΙΚΗΣ","10-Ψωμιά",,,,,"ΑΡΤΟΣ ΕΦΕΣΟΥ","Ενδέχεται να περιέχει ίχνη Γάλακτος,ξηρων καρπών,αραχίδων,σόγιας,σπανακιού,αυγού",,,,0.0000000000000000e+00,0.0000000000000000e+00,0.0000000000000000e+00,,,,0,0
7914,"27001","ΑΨΗΤΟ ΤΥΡΟΠΙΤΑΚΙ(ΚΟΥΡΟΥ)","27 ΑΨΗΤΑ ΠΡΟΙΟΝΤΑ",,,,,"ΑΡΤΟΣ ΕΦΕΣΟΥ",,,,,0.0000000000000000e+00,0.0000000000000000e+00,0.0000000000000000e+00,,,,0,0
7915,"27002","ΑΨΗΤΟ ΛΟΥΚΑΝΟΠΙΤΑΚΙ (ΚΟΥΡΟΥ)","27 ΑΨΗΤΑ ΠΡΟΙΟΝΤΑ",,,,,"ΑΡΤΟΣ ΕΦΕΣΟΥ",,,,,0.0000000000000000e+00,0.0000000000000000e+00,0.0000000000000000e+00,,,,0,0
7916,"27051","ΑΨΗΤΟ ΛΟΥΚΑΝΙΚΟ(ΚΟΥΡΟΥ)","27 ΑΨΗΤΑ ΠΡΟΙΟΝΤΑ",,,,,"ΑΡΤΟΣ ΕΦΕΣΟΥ",,,,,0.0000000000000000e+00,0.0000000000000000e+00,0.0000000000000000e+00,,,,0,0
7917,"27004","ΑΨΗΤΟ ΠΙΤΑ ΣΤΡΙΦΤΗ ΚΟΛΟΚΙΘΙ","27 ΑΨΗΤΑ ΠΡΟΙΟΝΤΑ",,,,,"ΑΡΤΟΣ ΕΦΕΣΟΥ",,,,,0.0000000000000000e+00,0.0000000000000000e+00,0.0000000000000000e+00,,,,0,0
7918,"27005","ΑΨΗΤΟ ΠΙΤΑ  ΣΤΡΙΦΤΗ ΤΥΡΙ","27 Πίτες Αψητες",,,,,"ΑΡΤΟΣ ΕΦΕΣΟΥ",,,,,0.0000000000000000e+00,0.0000000000000000e+00,0.0000000000000000e+00,,,,0,0
7919,"27006","ΑΨΗΤΟ ΚΡΟΥΑΣΑΝΑΚΙ ΑΔΕΙΟ","27 ΑΨΗΤΑ ΠΡΟΙΟΝΤΑ",,,,,"ΑΡΤΟΣ ΕΦΕΣΟΥ",,,,,0.0000000000000000e+00,0.0000000000000000e+00,0.0000000000000000e+00,,,,0,0
7920,"27007","ΑΨΗΤΟ ΚΟΥΛΟΥΡΙ ΜΕ ΤΥΡΙ","27 ΑΨΗΤΑ ΠΡΟΙΟΝΤΑ",,,,,"ΑΡΤΟΣ ΕΦΕΣΟΥ",,,,,0.0000000000000000e+00,0.0000000000000000e+00,0.0000000000000000e+00,,,,0,0
7921,"27008","ΑΨΗΤΟ ΤΥΡΟΠΙΤΕΣ ΣΦΟΛΙΑΤΑΣ","27 ΑΨΗΤΑ ΠΡΟΙΟΝΤΑ",,,,,"ΑΡΤΟΣ ΕΦΕΣΟΥ",,,,,0.0000000000000000e+00,0.0000000000000000e+00,0.0000000000000000e+00,,,,0,0
7922,"27009","ΑΨΗΤΟ ΚΟΥΛΟΥΡΙ ΜΕ ΖΑΜΠΟΝ-ΚΑΣΕΡΙ","27 ΑΨΗΤΑ ΠΡΟΙΟΝΤΑ",,,,,"ΑΡΤΟΣ ΕΦΕΣΟΥ",,,,,0.0000000000000000e+00,0.0000000000000000e+00,0.0000000000000000e+00,,,,0,0
7923,"27010","ΑΨΗΤΟ ΠΙΤΣΑ (ΚΟΜΑΤΙ)","27 ΑΨΗΤΑ ΠΡΟΙΟΝΤΑ",,,,,"ΑΡΤΟΣ ΕΦΕΣΟΥ",,,,,0.0000000000000000e+00,0.0000000000000000e+00,0.0000000000000000e+00,,,,0,0
7924,"27011","ΑΨΗΤΟ ΧΩΡΙΑΤΙΚΗ ΠΙΤΑ ΜΕ ΤΥΡΙ","27 ΑΨΗΤΑ ΠΡΟΙΟΝΤΑ",,,,,"ΑΡΤΟΣ ΕΦΕΣΟΥ",,,,,0.0000000000000000e+00,0.0000000000000000e+00,0.0000000000000000e+00,,,,0,0
7925,"27012","ΑΨΗΤΟ ΧΩΡΙΑΤΙΚΗ ΠΙΤΑ ΜΕ ΣΠΑΝΑΚΙ-ΤΥΡΙ","27 ΑΨΗΤΑ ΠΡΟΙΟΝΤΑ",,,,,"ΑΡΤΟΣ ΕΦΕΣΟΥ",,,,,0.0000000000000000e+00,0.0000000000000000e+00,0.0000000000000000e+00,,,,0,0
7926,"27013","ΑΨΗΤΟ ΜΠΟΥΓΑΤΣΑ ΜΕ ΚΡΕΜΑ","27 ΑΨΗΤΑ ΠΡΟΙΟΝΤΑ",,,,,"ΑΡΤΟΣ ΕΦΕΣΟΥ",,,,,0.0000000000000000e+00,0.0000000000000000e+00,0.0000000000000000e+00,,,,0,0
7927,"27014","ΑΨΗΤΟ ΧΩΡΙΑΤΙΚΗ ΠΙΤΑ ΜΕ ΣΠΑΝΑΚΙ ΝΗΣΤΙΣΙΜΗ","27 ΑΨΗΤΑ ΠΡΟΙΟΝΤΑ",,,,,"ΑΡΤΟΣ ΕΦΕΣΟΥ",,,,,0.0000000000000000e+00,0.0000000000000000e+00,0.0000000000000000e+00,,,,0,0
7928,"27015","ΑΨΗΤΟ ΠΙΤΑΚΙ ΛΑΔΙΟΥ ΜΕ ΤΥΡΙ ΚΟΜΝΟΥ","27 ΑΨΗΤΑ ΠΡΟΙΟΝΤΑ",,,,,"ΑΡΤΟΣ ΕΦΕΣΟΥ",,,,,0.0000000000000000e+00,0.0000000000000000e+00,0.0000000000000000e+00,,,,0,0
7929,"27016","ΑΨΗΤΟ ΠΙΤΑΚΙ ΛΑΔΙΟΥ ΜΕ ΣΠΑΝΑΚΙ ΚΟΜΝΟΥ","27 ΑΨΗΤΑ ΠΡΟΙΟΝΤΑ",,,,,"ΑΡΤΟΣ ΕΦΕΣΟΥ",,,,,0.0000000000000000e+00,0.0000000000000000e+00,0.0000000000000000e+00,,,,0,0
7930,"27017","ΑΨΗΤΟ ΠΙΤΑ ΣΤΡΙΦΤΗ ΜΕ ΠΡΑΣΟ","27 ΑΨΗΤΑ ΠΡΟΙΟΝΤΑ",,,,,"ΑΡΤΟΣ ΕΦΕΣΟΥ",,,,,0.0000000000000000e+00,0.0000000000000000e+00,0.0000000000000000e+00,,,,0,0
7931,"27018","ΑΨΗΤΟ ΠΙΤΑ ΣΦΟΛΙΑΤΑ ΖΑΜΠΟΝ-ΚΑΣΕΡΙ","27 ΑΨΗΤΑ ΠΡΟΙΟΝΤΑ",,,,,"ΑΡΤΟΣ ΕΦΕΣΟΥ",,,,,0.0000000000000000e+00,0.0000000000000000e+00,0.0000000000000000e+00,,,,0,0
7932,"27019","ΑΨΗΤΟ ΠΑΤΑΤΟΠΙΤΑΚΙ","27 Πίτες Αψητες",,,,,"ΑΡΤΟΣ ΕΦΕΣΟΥ",,,,,0.0000000000000000e+00,0.0000000000000000e+00,0.0000000000000000e+00,,,,0,0
7933,"27020","ΑΨΗΤΟ ΠΙΤΑΚΙΑ ΚΟΛΟΚΙΘΙ","27 ΑΨΗΤΑ ΠΡΟΙΟΝΤΑ",,,,,"ΑΡΤΟΣ ΕΦΕΣΟΥ",,,,,0.0000000000000000e+00,0.0000000000000000e+00,0.0000000000000000e+00,,,,0,0
7934,"27021","ΑΨΗΤΟ ΠΑΤΑΤΟΠΙΤΑ","27 ΑΨΗΤΑ ΠΡΟΙΟΝΤΑ",,,,,"ΑΡΤΟΣ ΕΦΕΣΟΥ",,,,,0.0000000000000000e+00,0.0000000000000000e+00,0.0000000000000000e+00,,,,0,0
7935,"27022","ΑΨΗΤΟ ΧΩΡΙΑΤΙΚΗ ΠΙΤΑ ΜΕ ΚΟΛΟΚΥΘΙ ","27 ΑΨΗΤΑ ΠΡΟΙΟΝΤΑ",,,,,"ΑΡΤΟΣ ΕΦΕΣΟΥ",,,,,0.0000000000000000e+00,0.0000000000000000e+00,0.0000000000000000e+00,,,,0,0
7936,"27023","ΑΨΗΤΟ ΧΩΡΙΑΤΙΚΗ ΝΗΣΤΙΣΙΜΗ ΜΕ ΜΕΛΙΤΖΑΝΑ","27 ΑΨΗΤΑ ΠΡΟΙΟΝΤΑ",,,,,"ΑΡΤΟΣ ΕΦΕΣΟΥ",,,,,0.0000000000000000e+00,0.0000000000000000e+00,0.0000000000000000e+00,,,,0,0
7937,"27024","ΑΨΗΤΟ ΠΙΤΑΚΙ ΛΑΔΙΟΥ ΣΠΑΝΑΚΙ-ΤΥΡΙ ΚΟΜΝΟΥ","27 ΑΨΗΤΑ ΠΡΟΙΟΝΤΑ",,,,,"ΑΡΤΟΣ ΕΦΕΣΟΥ",,,,,0.0000000000000000e+00,0.0000000000000000e+00,0.0000000000000000e+00,,,,0,0
7938,"27025","ΑΨΗΤΟ ΠΟΛΥΣΠΟΡΟ ΠΙΤΑΚΙ ΛΑΧΑΝΙΚΩΝ","27 ΑΨΗΤΑ ΠΡΟΙΟΝΤΑ",,,,,"ΑΡΤΟΣ ΕΦΕΣΟΥ",,,,,0.0000000000000000e+00,0.0000000000000000e+00,0.0000000000000000e+00,,,,0,0
7939,"27026","ΑΨΗΤΟ ΠΙΤΑΚΙ ΛΑΔΙΟΥ ΠΡΑΣΟ ΚΟΜΝΟΥ","27 ΑΨΗΤΑ ΠΡΟΙΟΝΤΑ",,,,,"ΑΡΤΟΣ ΕΦΕΣΟΥ",,,,,0.0000000000000000e+00,0.0000000000000000e+00,0.0000000000000000e+00,,,,0,0
7940,"27027","ΑΨΗΤΟ ΠΙΤΑΚΙ ΛΑΔΙΟΥ ΠΡΑΣΟ -ΤΥΡΙ ΚΟΜΝΟΥ","27 ΑΨΗΤΑ ΠΡΟΙΟΝΤΑ",,,,,"ΑΡΤΟΣ ΕΦΕΣΟΥ",,,,,0.0000000000000000e+00,0.0000000000000000e+00,0.0000000000000000e+00,,,,0,0
7941,"27028","ΑΨΗΤΟ ΠΙΤΑΚΙ ΛΑΔΙΟΥ ΠΙΤΣΑΣ ΚΟΜΝΟΥ","27 ΑΨΗΤΑ ΠΡΟΙΟΝΤΑ",,,,,"ΑΡΤΟΣ ΕΦΕΣΟΥ",,,,,0.0000000000000000e+00,0.0000000000000000e+00,0.0000000000000000e+00,,,,0,0
7942,"27029","ΑΨΗΤΟ ΠΙΤΑΚΙ ΛΑΔΙΟΥ ΚΑΣΕΡΙ-ΖΑΜΠΟΝ  ΚΟΜΝΟΥ","27 ΑΨΗΤΑ ΠΡΟΙΟΝΤΑ",,,,,"ΑΡΤΟΣ ΕΦΕΣΟΥ",,,,,0.0000000000000000e+00,0.0000000000000000e+00,0.0000000000000000e+00,,,,0,0
7943,"27030","ΑΨΗΤΟ ΠΙΤΑΚΙ ΛΑΔΙΟΥ ΛΟΥΚΑΝΙΚΟ ΚΟΜΝΟΥ","27 ΑΨΗΤΑ ΠΡΟΙΟΝΤΑ",,,,,"ΑΡΤΟΣ ΕΦΕΣΟΥ",,,,,0.0000000000000000e+00,0.0000000000000000e+00,0.0000000000000000e+00,,,,0,0
7944,"27031","ΑΨΗΤΟ ΠΙΤΑΚΙΑ ΔΙΑΦΟΡΑ ΛΑΔΙΟΥ","27 ΑΨΗΤΑ ΠΡΟΙΟΝΤΑ",,,,,"ΑΡΤΟΣ ΕΦΕΣΟΥ",,,,,0.0000000000000000e+00,0.0000000000000000e+00,0.0000000000000000e+00,,,,0,0
7945,"27032","ΑΨΗΤΟ ΔΙΑΦΟΡΑ ΧΩΡΙΑΤΙΚΑ ΠΙΤΑΚΙΑ","27 ΑΨΗΤΑ ΠΡΟΙΟΝΤΑ",,,,,"ΑΡΤΟΣ ΕΦΕΣΟΥ",,,,,0.0000000000000000e+00,0.0000000000000000e+00,0.0000000000000000e+00,,,,0,0
7946,"27033","ΑΨΗΤΟ ΠΙΤΑ ΣΤΡΙΦΤΗ ΣΠΑΝΑΚΙ ΝΗΣΤΙΣΙΜΟ","27 ΑΨΗΤΑ ΠΡΟΙΟΝΤΑ",,,,,"ΑΡΤΟΣ ΕΦΕΣΟΥ",,,,,0.0000000000000000e+00,0.0000000000000000e+00,0.0000000000000000e+00,,,,0,0
7947,"27034","ΑΨΗΤΟ ΠΙΤΑΚΙΑ ΛΑΔΙΟΥ ΜΑΝΙΤΑΡΙ-ΜΠΕΙΚΟΝ","27 ΑΨΗΤΑ ΠΡΟΙΟΝΤΑ",,,,,"ΑΡΤΟΣ ΕΦΕΣΟΥ",,,,,0.0000000000000000e+00,0.0000000000000000e+00,0.0000000000000000e+00,,,,0,0
7948,"27035","ΑΨΗΤΟ ΠΙΤΑΚΙΑ ΛΑΔΙΟΥ ΜΑΝΙΤΑΡΙ-ΕΛΙΑΣ ΝΗΣΤΙΣΙΜΑ","27 ΑΨΗΤΑ ΠΡΟΙΟΝΤΑ",,,,,"ΑΡΤΟΣ ΕΦΕΣΟΥ",,,,,0.0000000000000000e+00,0.0000000000000000e+00,0.0000000000000000e+00,,,,0,0
7949,"27036","ΑΨΗΤΟ ΧΩΡΙΑΤΙΚΗ ΠΙΤΑ ΚΟΤΟΠΟΥΛΟ","27 ΑΨΗΤΑ ΠΡΟΙΟΝΤΑ",,,,,"ΑΡΤΟΣ ΕΦΕΣΟΥ",,,,,0.0000000000000000e+00,0.0000000000000000e+00,0.0000000000000000e+00,,,,0,0
7950,"27037","ΑΨΗΤΟ ΠΙΤΑΚΙ ΛΑΔΙΟΥ ΚΟΤΟΠΟΥΛΟ","27 ΑΨΗΤΑ ΠΡΟΙΟΝΤΑ",,,,,"ΑΡΤΟΣ ΕΦΕΣΟΥ",,,,,0.0000000000000000e+00,0.0000000000000000e+00,0.0000000000000000e+00,,,,0,0
7951,"27038","ΑΨΗΤΟ ΠΙΤΑΚΙ ΛΑΔΙΟΥ ΚΥΜΑ-ΠΡΑΣΟ","27 ΑΨΗΤΑ ΠΡΟΙΟΝΤΑ",,,,,"ΑΡΤΟΣ ΕΦΕΣΟΥ",,,,,0.0000000000000000e+00,0.0000000000000000e+00,0.0000000000000000e+00,,,,0,0
7952,"27039","ΑΨΗΤΟ ΠΙΤΑΚΙ ΛΑΔΙΟΥ ΠΑΤΑΤΑ","27 ΑΨΗΤΑ ΠΡΟΙΟΝΤΑ",,,,,"ΑΡΤΟΣ ΕΦΕΣΟΥ",,,,,0.0000000000000000e+00,0.0000000000000000e+00,0.0000000000000000e+00,,,,0,0
7953,"27040","ΑΨΗΤΟ ΣΤΡΙΦΤΗ ΠΡΑΣΟ ΝΗΣΤΙΣΙΜΗ","27 ΑΨΗΤΑ ΠΡΟΙΟΝΤΑ",,,,,"ΑΡΤΟΣ ΕΦΕΣΟΥ",,,,,0.0000000000000000e+00,0.0000000000000000e+00,0.0000000000000000e+00,,,,0,0
7954,"27041","ΑΨΗΤΟ ΣΤΡΙΦΤΗ ΠΑΤΑΤΑΣ ΝΗΣΤΙΣΙΜΗ","27 ΑΨΗΤΑ ΠΡΟΙΟΝΤΑ",,,,,"ΑΡΤΟΣ ΕΦΕΣΟΥ",,,,,0.0000000000000000e+00,0.0000000000000000e+00,0.0000000000000000e+00,,,,0,0
7955,"27042","ΑΨΗΤΟ ΣΤΡΙΦΤΗ ΜΕ ΤΥΡΙ","27 ΑΨΗΤΑ ΠΡΟΙΟΝΤΑ",,,,,"ΑΡΤΟΣ ΕΦΕΣΟΥ",,,,,0.0000000000000000e+00,0.0000000000000000e+00,0.0000000000000000e+00,,,,0,0
7956,"27043","ΑΨΗΤΟ ΣΤΡΙΦΤΗ ΣΠΑΝΑΚΙ ΝΗΣΤΙΣΙΜΗ","27 ΑΨΗΤΑ ΠΡΟΙΟΝΤΑ",,,,,"ΑΡΤΟΣ ΕΦΕΣΟΥ",,,,,0.0000000000000000e+00,0.0000000000000000e+00,0.0000000000000000e+00,,,,0,0
7957,"27044","ΑΨΗΤΟ ΣΤΡΙΦΤΗ ΣΠΑΝΑΚΙ-ΤΥΡΙ","27 ΑΨΗΤΑ ΠΡΟΙΟΝΤΑ",,,,,"ΑΡΤΟΣ ΕΦΕΣΟΥ",,,,,0.0000000000000000e+00,0.0000000000000000e+00,0.0000000000000000e+00,,,,0,0
7964,"25000","ΑΨΗΤΟ ΑΦΡΑΤΟ","25 ΚΟΥΛΟΥΡΙΑ ΑΨΗΤΑ",,,,,"ΑΡΤΟΣ ΕΦΕΣΟΥ",,,,,0.0000000000000000e+00,0.0000000000000000e+00,0.0000000000000000e+00,,,,0,0
7965,"25001","ΑΨΗΤΟ ΔΙΑΜΑΝΤΙ ΒΑΝΙΛΙΑΣ","25 ΚΟΥΛΟΥΡΙΑ ΑΨΗΤΑ",,,,,"ΑΡΤΟΣ ΕΦΕΣΟΥ",,,,,0.0000000000000000e+00,0.0000000000000000e+00,0.0000000000000000e+00,,,,0,0
7966,"25002","ΑΨΗΤΟ ΔΙΑΜΑΝΤΙ ΣΟΚΟΛΑΤΑΣ","25 ΚΟΥΛΟΥΡΙΑ ΑΨΗΤΑ",,,,,"ΑΡΤΟΣ ΕΦΕΣΟΥ",,,,,0.0000000000000000e+00,0.0000000000000000e+00,0.0000000000000000e+00,,,,0,0
7967,"25005","ΑΨΗΤΟ ΣΑΜΠΛΕ","25 ΚΟΥΛΟΥΡΙΑ ΑΨΗΤΑ",,,,,"ΑΡΤΟΣ ΕΦΕΣΟΥ",,,,,0.0000000000000000e+00,0.0000000000000000e+00,0.0000000000000000e+00,,,,0,0
7968,"25004","ΑΨΗΤΟ ΑΛΜΥΡΟ","25 ΚΟΥΛΟΥΡΙΑ ΑΨΗΤΑ",,,,,"ΑΡΤΟΣ ΕΦΕΣΟΥ",,,,,0.0000000000000000e+00,0.0000000000000000e+00,0.0000000000000000e+00,,,,0,0
7969,"25006","ΑΨΗΤΟ ΝΗΣΤΗΣΙΜΟ ΣΑΝΤΑ ΜΑΜΑ","25 ΚΟΥΛΟΥΡΙΑ ΑΨΗΤΑ",,,,,"ΑΡΤΟΣ ΕΦΕΣΟΥ",,,,,0.0000000000000000e+00,0.0000000000000000e+00,0.0000000000000000e+00,,,,0,0
7975,"27045","ΑΨΗΤΟ ΠΕΙΝΙΡΛΑΚΙ ΚΑΣΕΡΙ","27 ΑΨΗΤΑ ΠΡΟΙΟΝΤΑ",,,,,"ΑΡΤΟΣ ΕΦΕΣΟΥ",,,,,0.0000000000000000e+00,0.0000000000000000e+00,0.0000000000000000e+00,,,,0,0
7976,"27046","ΑΨΗΤΟ ΠΕΙΝΙΡΛΑΚΙ ΜΑΝΙΤΑΡΙ-ΕΛΙΑ","27 ΑΨΗΤΑ ΠΡΟΙΟΝΤΑ",,,,,"ΑΡΤΟΣ ΕΦΕΣΟΥ",,,,,0.0000000000000000e+00,0.0000000000000000e+00,0.0000000000000000e+00,,,,0,0
7977,"27047","ΑΨΗΤΟ ΠΕΙΝΙΡΛΑΚΙ ΜΠΕΙΚΟΝ-ΜΑΝΙΤΑΡΙ","27 ΑΨΗΤΑ ΠΡΟΙΟΝΤΑ",,,,,"ΑΡΤΟΣ ΕΦΕΣΟΥ",,,,,0.0000000000000000e+00,0.0000000000000000e+00,0.0000000000000000e+00,,,,0,0
7978,"27048","ΑΨΗΤΟ ΠΕΙΝΙΡΛΑΚΙ ΠΑΤΑΤΑΣ","27 ΑΨΗΤΑ ΠΡΟΙΟΝΤΑ",,,,,"ΑΡΤΟΣ ΕΦΕΣΟΥ",,,,,0.0000000000000000e+00,0.0000000000000000e+00,0.0000000000000000e+00,,,,0,0
7979,"27049","ΑΨΗΤΟ ΠΕΙΝΙΡΛΑΚΙ ΤΥΡΙ","27 ΑΨΗΤΑ ΠΡΟΙΟΝΤΑ",,,,,"ΑΡΤΟΣ ΕΦΕΣΟΥ",,,,,0.0000000000000000e+00,0.0000000000000000e+00,0.0000000000000000e+00,,,,0,0
7980,"27050","ΑΨΗΤΟ ΛΑΓΑΝΑΚΙ","27 ΑΨΗΤΑ ΠΡΟΙΟΝΤΑ",,,,,"ΑΡΤΟΣ ΕΦΕΣΟΥ",,,,,0.0000000000000000e+00,0.0000000000000000e+00,0.0000000000000000e+00,,,,0,0
7982,"11035","01","11-Αρτοσκευάσματα γλυκά",,,,,"ΑΡΤΟΣ ΕΦΕΣΟΥ","Ενδέχεται να περιέχει ίχνη Γάλακτος,ξηρων καρπών,αραχίδων,σόγιας,σπανακιού,αυγού",,,,0.0000000000000000e+00,0.0000000000000000e+00,0.0000000000000000e+00,,,,0,0
7983,"11036","ΒΑΣΙΛΟΠΙΤΑ ΤΣΟΥΡΕΚΙΟΥ ΜΕ ΖΑΧΑΡΟΠΑΣΤΑ","11-Αρτοσκευάσματα γλυκά",,,,,"ΑΡΤΟΣ ΕΦΕΣΟΥ","Ενδέχεται να περιέχει ίχνη Γάλακτος,ξηρων καρπών,αραχίδων,σόγιας,σπανακιού,αυγού",,,,0.0000000000000000e+00,0.0000000000000000e+00,0.0000000000000000e+00,,,,0,0
7984,"11037","ΒΑΣΙΛΟΠΙΤΑ ΤΣΟΥΡΕΚΙΟΥ ΜΕ ΠΑΡΑΣΤΑΣΗ","11-Αρτοσκευάσματα γλυκά",,,,,"ΑΡΤΟΣ ΕΦΕΣΟΥ","Ενδέχεται να περιέχει ίχνη Γάλακτος,ξηρων καρπών,αραχίδων,σόγιας,σπανακιού,αυγού",,,,0.0000000000000000e+00,0.0000000000000000e+00,0.0000000000000000e+00,,,,0,0
7985,"794003","ΗΜΒ ΣΑΛΤΣΑ ΚΑΛΤΣΟΝΕ ΑΡΤΗΣΙΜΟ","12-Αρτοσκευάσματα αλμυρα",,,,,"ΑΡΤΟΣ ΕΦΕΣΟΥ","Ενδέχεται να περιέχει ίχνη Γάλακτος,ξηρων καρπών,αραχίδων,σόγιας,σπανακιού,αυγού",,,,0.0000000000000000e+00,0.0000000000000000e+00,0.0000000000000000e+00,,,,0,0
7992,"20053","ΦΡΥΓΑΝΙΑ ΤΡΥΜΕΝΗ 400 ΓΡΜ.","20-Παξιμάδια",,,,,"ΑΡΤΟΣ ΕΦΕΣΟΥ","Ενδέχεται να περιέχει ίχνη Γάλακτος,ξηρων καρπών,αραχίδων,σόγιας,σπανακιού,αυγού",,,,0.0000000000000000e+00,0.0000000000000000e+00,0.0000000000000000e+00,,,,0,0
7994,"17045","ΠΙΤΑΚΙ ΛΑΔΙΟΥ ΜΑΝΙΤΑΡΙ-ΕΛΙΑ","17-Πίτες",,,,,"ΑΡΤΟΣ ΕΦΕΣΟΥ",,,,,0.0000000000000000e+00,0.0000000000000000e+00,0.0000000000000000e+00,,,,0,0
7998,"11020"," ΣΤΑΦΙΔΟΨΩΜΟ ΑΓΙΟΡΙΤΙΚΟ","11-Αρτοσκευάσματα γλυκά",,,,,"ΑΡΤΟΣ ΕΦΕΣΟΥ","Ενδέχεται να περιέχει ίχνη Γάλακτος,ξηρων καρπών,αραχίδων,σόγιας,σπανακιού,αυγού",,,,0.0000000000000000e+00,0.0000000000000000e+00,0.0000000000000000e+00,,,,0,0
7999,"11001","ΤΑΡΤΑΚΙ ΝΗΣΤΙΣΙΜΟ","11-Αρτοσκευάσματα γλυκά",,,,,"ΑΡΤΟΣ ΕΦΕΣΟΥ","Ενδέχεται να περιέχει ίχνη Γάλακτος,ξηρων καρπών,αραχίδων,σόγιας,σπανακιού,αυγού",,,,0.0000000000000000e+00,0.0000000000000000e+00,0.0000000000000000e+00,,,,0,0
8000,"17046","ΠΙΤΑ ΣΤΡΙΦΤΗ ΠΑΤΑΤΑΣ","17-Πίτες",,,,,"ΑΡΤΟΣ ΕΦΕΣΟΥ",,,,,0.0000000000000000e+00,0.0000000000000000e+00,0.0000000000000000e+00,,,,0,0
8001,"10084","ΝΤΟΝΑΤΣ  ΜΙΚΡΟ","10-Ψωμιά",,,,,"ΑΡΤΟΣ ΕΦΕΣΟΥ","Ενδέχεται να περιέχει ίχνη Γάλακτος,ξηρων καρπών,αραχίδων,σόγιας,σπανακιού,αυγού",,,,0.0000000000000000e+00,0.0000000000000000e+00,0.0000000000000000e+00,,,,0,0
8002,"11002","ΤΑΡΤΑΚΙ ΦΡΟΥΤΩΝ","11-Αρτοσκευάσματα γλυκά",,,,,"ΑΡΤΟΣ ΕΦΕΣΟΥ","Ενδέχεται να περιέχει ίχνη Γάλακτος,ξηρων καρπών,αραχίδων,σόγιας,σπανακιού,αυγού",,,,0.0000000000000000e+00,0.0000000000000000e+00,0.0000000000000000e+00,,,,0,0
8003,"11003","ΤΑΡΤΑ ΦΡΟΥΤΩΝ","11-Αρτοσκευάσματα γλυκά",,,,,"ΑΡΤΟΣ ΕΦΕΣΟΥ","Ενδέχεται να περιέχει ίχνη Γάλακτος,ξηρων καρπών,αραχίδων,σόγιας,σπανακιού,αυγού",,,,0.0000000000000000e+00,0.0000000000000000e+00,0.0000000000000000e+00,,,,0,0
8005,"13103","ΠΟΡΤΟΚΑΛΙΟΥ ΠΕΘΕΡΑΣ","13-Βουτήγματα",,,,,"ΑΡΤΟΣ ΕΦΕΣΟΥ","Ενδέχεται να περιέχει ίχνη Γάλακτος,ξηρων καρπών,αραχίδων,σόγιας,σπανακιού,αυγού",,,,0.0000000000000000e+00,0.0000000000000000e+00,0.0000000000000000e+00,,,,0,0
8006,"10085","ΑΡΤΟΠ/ΣΜΑ Τ ΑΛΛΟΤΙΝΟ ΧΩΡΙΑΤΙΚΟ","10-Ψωμιά",,,,,"ΑΡΤΟΣ ΕΦΕΣΟΥ","Ενδέχεται να περιέχει ίχνη Γάλακτος,ξηρων καρπών,αραχίδων,σόγιας,σπανακιού,αυγού",,,,0.0000000000000000e+00,0.0000000000000000e+00,0.0000000000000000e+00,,,,0,0
8011,"10087","ΑΡΤΟΠ/ΜΑ ΓΑΛΛΛΙΚΗ ΧΩΡ.ΜΕ ΠΟΥΛΙΣ 4 ΩΡΩΝ","10-Ψωμιά",,,,,"ΑΡΤΟΣ ΕΦΕΣΟΥ","Ενδέχεται να περιέχει ίχνη Γάλακτος,ξηρων καρπών,αραχίδων,σόγιας,σπανακιού,αυγού",,,,0.0000000000000000e+00,0.0000000000000000e+00,0.0000000000000000e+00,,,,0,0
8012,"11004","ΚΟΥΛΟΥΡΙ ΘΕΣΣΑΛΟΝΙΚΗΣ ΤΖΕΠΟΥ","11-Αρτοσκευάσματα γλυκά",,,,,"ΑΡΤΟΣ ΕΦΕΣΟΥ","Ενδέχεται να περιέχει ίχνη Γάλακτος,ξηρων καρπών,αραχίδων,σόγιας,σπανακιού,αυγού",,,,0.0000000000000000e+00,0.0000000000000000e+00,0.0000000000000000e+00,,,,0,0
8020,"18006","ΣΑΛΙΓΚΑΡΑΚΙ","18-Σιροπιαστά",,,,,"ΑΡΤΟΣ ΕΦΕΣΟΥ","Ενδέχεται να περιέχει ίχνη Γάλακτος,ξηρων καρπών,αραχίδων,σόγιας,σπανακιού,αυγού",,,,0.0000000000000000e+00,0.0000000000000000e+00,0.0000000000000000e+00,,,,0,0
8022,"20037","ΠΑΞΙΜΑΔΙ ΓΛΥΚΟ","20-Παξιμάδια",,,,,"ΑΡΤΟΣ ΕΦΕΣΟΥ","Ενδέχεται να περιέχει ίχνη Γάλακτος,ξηρων καρπών,αραχίδων,σόγιας,σπανακιού,αυγού",,,,0.0000000000000000e+00,0.0000000000000000e+00,0.0000000000000000e+00,,,,0,0
8025,"14125","ΚΕΙΚ ΞΥΛΑΚΙ ΜΠΑΝΑΝΑ","14-Κεικ",,,,,"ΑΡΤΟΣ ΕΦΕΣΟΥ","Ενδέχεται να περιέχει ίχνη Γάλακτος,ξηρων καρπών,αραχίδων,σόγιας,σπανακιού,αυγού",,,,0.0000000000000000e+00,0.0000000000000000e+00,0.0000000000000000e+00,,,,0,0
8029,"14136","ΒΑΣΙΛΟΠΙΤΑ ΚΕΙΚ ΜΕΓΑΛΗ ΜΕ ΠΑΡΑΣΤΑΣΗ","14-Κεικ",,,,,"ΑΡΤΟΣ ΕΦΕΣΟΥ","Ενδέχεται να περιέχει ίχνη Γάλακτος,ξηρων καρπών,αραχίδων,σόγιας,σπανακιού,αυγού",,,,0.0000000000000000e+00,0.0000000000000000e+00,0.0000000000000000e+00,,,,0,0
8031,"DPT-01","ΔΙΑΦΟΡΑ ΨΩΜΙΑ","10-Ψωμιά",,,,,"ΑΡΤΟΣ ΕΦΕΣΟΥ","Ενδέχεται να περιέχει ίχνη Γάλακτος,ξηρων καρπών,αραχίδων,σόγιας,σπανακιού,αυγού",,,,0.0000000000000000e+00,0.0000000000000000e+00,0.0000000000000000e+00,,,,0,0
8032,"DPT-02","ΔΙΑΦΟΡΑ  ΓΛΥΚΑ ΣΝΑΚ","11-Αρτοσκευάσματα γλυκά",,,,,"ΑΡΤΟΣ ΕΦΕΣΟΥ","Ενδέχεται να περιέχει ίχνη Γάλακτος,ξηρων καρπών,αραχίδων,σόγιας,σπανακιού,αυγού",,,,0.0000000000000000e+00,0.0000000000000000e+00,0.0000000000000000e+00,,,,0,0
8033,"DPT-03","ΔΙΑΦΟΡΑ ΑΛΜΥΡΑ ΣΝΑΚ","12-Αρτοσκευάσματα αλμυρα",,,,,"ΑΡΤΟΣ ΕΦΕΣΟΥ","Ενδέχεται να περιέχει ίχνη Γάλακτος,ξηρων καρπών,αραχίδων,σόγιας,σπανακιού,αυγού",,,,0.0000000000000000e+00,0.0000000000000000e+00,0.0000000000000000e+00,,,,0,0
8034,"DPT-04","ΔΙΑΦΟΡΑ ΒΟΥΤΗΓΜΑΤΑ","13-Βουτήγματα",,,,,"ΑΡΤΟΣ ΕΦΕΣΟΥ","Ενδέχεται να περιέχει ίχνη Γάλακτος,ξηρων καρπών,αραχίδων,σόγιας,σπανακιού,αυγού",,,,0.0000000000000000e+00,0.0000000000000000e+00,0.0000000000000000e+00,,,,0,0
8035,"DPT-05","ΔΙΑΦΟΡΑ ΚΕΙΚ","14-Κεικ",,,,,"ΑΡΤΟΣ ΕΦΕΣΟΥ","Ενδέχεται να περιέχει ίχνη Γάλακτος,ξηρων καρπών,αραχίδων,σόγιας,σπανακιού,αυγού",,,,0.0000000000000000e+00,0.0000000000000000e+00,0.0000000000000000e+00,,,,0,0
8036,"DPT-06","ΚΟΥΛΟΥΡΙΑ-ΔΙΑΦΟΡΑ","15-Κουλούρια",,,,,"ΑΡΤΟΣ ΕΦΕΣΟΥ","Ενδέχεται να περιέχει ίχνη Γάλακτος,ξηρων καρπών,αραχίδων,σόγιας,σπανακιού,αυγού",,,,0.0000000000000000e+00,0.0000000000000000e+00,0.0000000000000000e+00,,,,0,0
8037,"DPT-07","ΔΙΑΦΟΡΑ ΚΡΙΤΣΙΝΙΑ","16-Κριτσίνια",,,,,"ΑΡΤΟΣ ΕΦΕΣΟΥ","Ενδέχεται να περιέχει ίχνη Γάλακτος,ξηρων καρπών,αραχίδων,σόγιας,σπανακιού,αυγού",,,,0.0000000000000000e+00,0.0000000000000000e+00,0.0000000000000000e+00,,,,0,0
8038,"DPT-08","ΔΙΑΦΟΡΕΣ ΠΙΤΕΣ","17-Πίτες",,,,,"ΑΡΤΟΣ ΕΦΕΣΟΥ",,,,,0.0000000000000000e+00,0.0000000000000000e+00,0.0000000000000000e+00,,,,0,0
8039,"DPT-09","ΔΙΑΦΟΡΑ ΠΑΡΑΓΟΜΕΝΑ  ΣΙΡΟΠΙΑΣΤΑ","18-Σιροπιαστά",,,,,"ΑΡΤΟΣ ΕΦΕΣΟΥ","Ενδέχεται να περιέχει ίχνη Γάλακτος,ξηρων καρπών,αραχίδων,σόγιας,σπανακιού,αυγού",,,,0.0000000000000000e+00,0.0000000000000000e+00,0.0000000000000000e+00,,,,0,0
8040,"DPT-10","ΔΙΑΦΟΡΕΣ ΣΦΟΛΙΑΤΕΣ","19-Σφολιάτες",,,,,"ΑΡΤΟΣ ΕΦΕΣΟΥ",,,,,0.0000000000000000e+00,0.0000000000000000e+00,0.0000000000000000e+00,,,,0,0
8041,"DPT-11","ΔΙΑΦΟΡΑ ΠΑΞΙΜΑΔΙΑ","20-Παξιμάδια",,,,,"ΑΡΤΟΣ ΕΦΕΣΟΥ","Ενδέχεται να περιέχει ίχνη Γάλακτος,ξηρων καρπών,αραχίδων,σόγιας,σπανακιού,αυγού",,,,0.0000000000000000e+00,0.0000000000000000e+00,0.0000000000000000e+00,,,,0,0
8042,"14094","ΚΕΙΚ ΣΟΚΟΛΑΤΑΣ MAMAS","14-Κεικ",,,,,"ΑΡΤΟΣ ΕΦΕΣΟΥ","Ενδέχεται να περιέχει ίχνη Γάλακτος,ξηρων καρπών,αραχίδων,σόγιας,σπανακιού,αυγού",,,,0.0000000000000000e+00,0.0000000000000000e+00,0.0000000000000000e+00,,,,0,0
8043,"14093","ΚΕΙΚ ΛΕΥΚΟ ΡΑΙΣΚΡΙΜ ΛΕΜΟΝΙ","14-Κεικ",,,,,"ΑΡΤΟΣ ΕΦΕΣΟΥ","Ενδέχεται να περιέχει ίχνη Γάλακτος,ξηρων καρπών,αραχίδων,σόγιας,σπανακιού,αυγού",,,,0.0000000000000000e+00,0.0000000000000000e+00,0.0000000000000000e+00,,,,0,0
8044,"14095","ΚΕΙΚ ΣΟΚΟΛΑΤΑΣ ΡΑΙΣΚΡΙΜ","14-Κεικ",,,,,"ΑΡΤΟΣ ΕΦΕΣΟΥ","Ενδέχεται να περιέχει ίχνη Γάλακτος,ξηρων καρπών,αραχίδων,σόγιας,σπανακιού,αυγού",,,,0.0000000000000000e+00,0.0000000000000000e+00,0.0000000000000000e+00,,,,0,0
8045,"14096","ΚΕΙΚ ΣΟΚΟΛΑΤΑΣ-ΠΟΡΤΟΚΑΛΙ ΣΕΦΚΟ","14-Κεικ",,,,,"ΑΡΤΟΣ ΕΦΕΣΟΥ","Ενδέχεται να περιέχει ίχνη Γάλακτος,ξηρων καρπών,αραχίδων,σόγιας,σπανακιού,αυγού",,,,0.0000000000000000e+00,0.0000000000000000e+00,0.0000000000000000e+00,,,,0,0
8046,"14097","ΚΕΙΚ ΛΕΥΚΟ ΠΟΡΤΟΚΑΛΙ ΡΑΙΣΚΡΙΜ","14-Κεικ",,,,,"ΑΡΤΟΣ ΕΦΕΣΟΥ","Ενδέχεται να περιέχει ίχνη Γάλακτος,ξηρων καρπών,αραχίδων,σόγιας,σπανακιού,αυγού",,,,0.0000000000000000e+00,0.0000000000000000e+00,0.0000000000000000e+00,,,,0,0
8048,"14098","ΒΑΣΙΛΟΠΙΤΑ ΚΕΙΚ ΜΙΚΡΗ","14-Κεικ",,,,,"ΑΡΤΟΣ ΕΦΕΣΟΥ","Ενδέχεται να περιέχει ίχνη Γάλακτος,ξηρων καρπών,αραχίδων,σόγιας,σπανακιού,αυγού",,,,0.0000000000000000e+00,0.0000000000000000e+00,0.0000000000000000e+00,,,,0,0
8064,"25003","ΑΨΗΤΟ ΔΙΑΜΑΝΤΗ ΔΙΑΦΟΡΕΣ ΓΕΥΣΕΙΣ","25 ΚΟΥΛΟΥΡΙΑ ΑΨΗΤΑ",,,,,"ΑΡΤΟΣ ΕΦΕΣΟΥ",,,,,0.0000000000000000e+00,0.0000000000000000e+00,0.0000000000000000e+00,,,,0,0
8082,"27005","ΑΨΗΤΟ ΠΙΤΣΑΚΙ","27 ΑΨΗΤΑ ΠΡΟΙΟΝΤΑ",,,,,"ΑΡΤΟΣ ΕΦΕΣΟΥ",,,,,0.0000000000000000e+00,0.0000000000000000e+00,0.0000000000000000e+00,,,,0,0
8083,," ΔΟΚΙΜΕΣ   ΠΡΟΖΥΜΙ ΣΤΕΛΙΟΥ","10-Ψωμιά",,,,,"ΑΡΤΟΣ ΕΦΕΣΟΥ","Ενδέχεται να περιέχει ίχνη Γάλακτος,ξηρων καρπών,αραχίδων,σόγιας,σπανακιού,αυγού",,,,0.0000000000000000e+00,0.0000000000000000e+00,0.0000000000000000e+00,,,,0,0
8100,"10044","ΚΟΥΛΟΥΡΙ  ΕΛΙΑΣ ΔΙΠΛΟ","10-Ψωμιά",,,,,"ΑΡΤΟΣ ΕΦΕΣΟΥ","Ενδέχεται να περιέχει ίχνη Γάλακτος,ξηρων καρπών,αραχίδων,σόγιας,σπανακιού,αυγού",,,,0.0000000000000000e+00,0.0000000000000000e+00,0.0000000000000000e+00,,,,0,0
8101,"10086","ΚΟΥΛΟΥΡΙ ΣΤΑΦΙΔΑΣ ΔΙΠΛΟ","10-Ψωμιά",,,,,"ΑΡΤΟΣ ΕΦΕΣΟΥ","Ενδέχεται να περιέχει ίχνη Γάλακτος,ξηρων καρπών,αραχίδων,σόγιας,σπανακιού,αυγού",,,,0.0000000000000000e+00,0.0000000000000000e+00,0.0000000000000000e+00,,,,0,0
8102,"20038","ΦΡΥΓΑΝΙΑ ΚΡΙΘΑΡΙΟΥ 250γρμ.","20-Παξιμάδια",,,,,"ΑΡΤΟΣ ΕΦΕΣΟΥ","Ενδέχεται να περιέχει ίχνη Γάλακτος,ξηρων καρπών,αραχίδων,σόγιας,σπανακιού,αυγού",,,,0.0000000000000000e+00,0.0000000000000000e+00,0.0000000000000000e+00,,,,0,0
8103,"11021","ΤΣΟΥΡΕΚΑΚΙ ΜΕ ΜΕΡΕΝΤΑ","11-Αρτοσκευάσματα γλυκά",,,,,"ΑΡΤΟΣ ΕΦΕΣΟΥ","Ενδέχεται να περιέχει ίχνη Γάλακτος,ξηρων καρπών,αραχίδων,σόγιας,σπανακιού,αυγού",,,,0.0000000000000000e+00,0.0000000000000000e+00,0.0000000000000000e+00,,,,0,0
8105,"10088","ΑΡΤΟΠ/ΣΜΑ Τ. Ω3 ΛΙΠΑΡΑ","10-Ψωμιά",,,,,"ΑΡΤΟΣ ΕΦΕΣΟΥ","Ενδέχεται να περιέχει ίχνη Γάλακτος,ξηρων καρπών,αραχίδων,σόγιας,σπανακιού,αυγού",,,,0.0000000000000000e+00,0.0000000000000000e+00,0.0000000000000000e+00,,,,0,0
8106,"10089","ΑΡΤΟΠ/ΣΜΑ τ. ΚΡΙΘΑΡΙΟΥ-DINKEL","10-Ψωμιά",,,,,"ΑΡΤΟΣ ΕΦΕΣΟΥ","Ενδέχεται να περιέχει ίχνη Γάλακτος,ξηρων καρπών,αραχίδων,σόγιας,σπανακιού,αυγού",,,,0.0000000000000000e+00,0.0000000000000000e+00,0.0000000000000000e+00,,,,0,0
8107,"10090","ΑΡΤΟΠ/ΜΑ ΧΩΡΙΣ ΜΑΓΙΑ-ΜΕ BAKING POWDER","10-Ψωμιά",,,,,"ΑΡΤΟΣ ΕΦΕΣΟΥ","Ενδέχεται να περιέχει ίχνη Γάλακτος,ξηρων καρπών,αραχίδων,σόγιας,σπανακιού,αυγού",,,,0.0000000000000000e+00,0.0000000000000000e+00,0.0000000000000000e+00,,,,0,0
8109,"10091","ΑΡΤΟΠ/ΣΜΑ ΜΕ ΧΑΜΗΛΟ ΓΛΥΚΑΙΜΙΚΟ ΔΕΙΚΤΗ","10-Ψωμιά",,,,,"ΑΡΤΟΣ ΕΦΕΣΟΥ","Ενδέχεται να περιέχει ίχνη Γάλακτος,ξηρων καρπών,αραχίδων,σόγιας,σπανακιού,αυγού",,,,0.0000000000000000e+00,0.0000000000000000e+00,0.0000000000000000e+00,,,,0,0
8113,"11005","ΦΛΩΡΕΝΤΙΝΑ ΜΕ ΑΜΥΓΔΑΛΟ ΚΑΙ ΦΟΥΝΤΟΥΚΙ","11-Αρτοσκευάσματα γλυκά",,,,,"ΑΡΤΟΣ ΕΦΕΣΟΥ","Ενδέχεται να περιέχει ίχνη Γάλακτος,ξηρων καρπών,αραχίδων,σόγιας,σπανακιού,αυγού",,,,0.0000000000000000e+00,0.0000000000000000e+00,0.0000000000000000e+00,,,,0,0
8115,"10092","ΑΡΤΟΠ/ΜΑ ΑΛΛΟΤΙΝΟ ΟΛΙΚΗΣ","10-Ψωμιά",,,,,"ΑΡΤΟΣ ΕΦΕΣΟΥ","Ενδέχεται να περιέχει ίχνη Γάλακτος,ξηρων καρπών,αραχίδων,σόγιας,σπανακιού,αυγού",,,,0.0000000000000000e+00,0.0000000000000000e+00,0.0000000000000000e+00,,,,0,0
8121,"10093","ΑΡΤΟΠ/ΣΜΑ τ.ΜΟΝΑΣΤΗΡΙΑΚΟ","10-Ψωμιά",,,,,"ΑΡΤΟΣ ΕΦΕΣΟΥ","Ενδέχεται να περιέχει ίχνη Γάλακτος,ξηρων καρπών,αραχίδων,σόγιας,σπανακιού,αυγού",,,,0.0000000000000000e+00,0.0000000000000000e+00,0.0000000000000000e+00,,,,0,0
8267,"18007"," ΣΙΡΟΠΙΑΣΤΑ ΔΙΑΦΟΡΑ ΠΑΡΑΓΟΜΕΝΑ","18-Σιροπιαστά",,,,,"ΑΡΤΟΣ ΕΦΕΣΟΥ","Ενδέχεται να περιέχει ίχνη Γάλακτος,ξηρων καρπών,αραχίδων,σόγιας,σπανακιού,αυγού",,,,0.0000000000000000e+00,0.0000000000000000e+00,0.0000000000000000e+00,,,,0,0
8268,"10011","ΑΡΤΟΠ/ΣΜΑ ΠΡΟΖΥΜΙ ΑΛΛΟΤΙΝΟ","10-Ψωμιά",,,,,"ΑΡΤΟΣ ΕΦΕΣΟΥ","Ενδέχεται να περιέχει ίχνη Γάλακτος,ξηρων καρπών,αραχίδων,σόγιας,σπανακιού,αυγού",,,,0.0000000000000000e+00,0.0000000000000000e+00,0.0000000000000000e+00,,,,0,0
8271,"18005","ΤΡΙΓΩΝΑΚΙ","18-Σιροπιαστά",,,,,"ΑΡΤΟΣ ΕΦΕΣΟΥ","Ενδέχεται να περιέχει ίχνη Γάλακτος,ξηρων καρπών,αραχίδων,σόγιας,σπανακιού,αυγού",,,,0.0000000000000000e+00,0.0000000000000000e+00,0.0000000000000000e+00,,,,0,0
8279,"15105","ΔΙΑΜΑΝΤΙ ΚΕΡΑΣΙΟΥ","15-Κουλούρια",,,,,"ΑΡΤΟΣ ΕΦΕΣΟΥ","Ενδέχεται να περιέχει ίχνη Γάλακτος,ξηρων καρπών,αραχίδων,σόγιας,σπανακιού,αυγού",,,,0.0000000000000000e+00,0.0000000000000000e+00,0.0000000000000000e+00,,,,0,0
8280,"15114","ΜΙΡΑΝΤΑ","15-Κουλούρια",,,,,"ΑΡΤΟΣ ΕΦΕΣΟΥ","Ενδέχεται να περιέχει ίχνη Γάλακτος,ξηρων καρπών,αραχίδων,σόγιας,σπανακιού,αυγού",,,,0.0000000000000000e+00,0.0000000000000000e+00,0.0000000000000000e+00,,,,0,0
8285,"15119","ΑΦΡΑΤΟ ΜΕ ΣΟΚΟΛΑΤΑ ΔΑΚΡΥ","15-Κουλούρια",,,,,"ΑΡΤΟΣ ΕΦΕΣΟΥ","Ενδέχεται να περιέχει ίχνη Γάλακτος,ξηρων καρπών,αραχίδων,σόγιας,σπανακιού,αυγού",,,,0.0000000000000000e+00,0.0000000000000000e+00,0.0000000000000000e+00,,,,0,0
8286,"12028","BREZEL ΑΛΛΑΝΤΙΚΩΝ","12-Αρτοσκευάσματα αλμυρα",,,,,"ΑΡΤΟΣ ΕΦΕΣΟΥ","Ενδέχεται να περιέχει ίχνη Γάλακτος,ξηρων καρπών,αραχίδων,σόγιας,σπανακιού,αυγού",,,,0.0000000000000000e+00,0.0000000000000000e+00,0.0000000000000000e+00,,,,0,0
8289,"14100","ΚΕΙΚ  ΞΥΛΑΚΙ ΚΕΡΑΣΙ ΣΟΚΟΛΑΤΑ","14-Κεικ",,,,,"ΑΡΤΟΣ ΕΦΕΣΟΥ","Ενδέχεται να περιέχει ίχνη Γάλακτος,ξηρων καρπών,αραχίδων,σόγιας,σπανακιού,αυγού",,,,0.0000000000000000e+00,0.0000000000000000e+00,0.0000000000000000e+00,,,,0,0
8298,"14137","ΑΡΑΠΑΚΙ","14-Κεικ",,,,,"ΑΡΤΟΣ ΕΦΕΣΟΥ","Ενδέχεται να περιέχει ίχνη Γάλακτος,ξηρων καρπών,αραχίδων,σόγιας,σπανακιού,αυγού",,,,0.0000000000000000e+00,0.0000000000000000e+00,0.0000000000000000e+00,,,,0,0
8306,"11006","ΜΠΑΡΕΣ ΔΗΜΗΤΡΙΑΚΩΝ","11-Αρτοσκευάσματα γλυκά",,,,,"ΑΡΤΟΣ ΕΦΕΣΟΥ","Ενδέχεται να περιέχει ίχνη Γάλακτος,ξηρων καρπών,αραχίδων,σόγιας,σπανακιού,αυγού",,,,0.0000000000000000e+00,0.0000000000000000e+00,0.0000000000000000e+00,,,,0,0
8312,"13104","ΒΟΥΤΗΜΑΤΑ ΔΙΑΦΟΡΑ 6,5€","13-Βουτήγματα",,,,,,,,,,0.0000000000000000e+00,0.0000000000000000e+00,0.0000000000000000e+00,,,,0,0
9206,"11001","ΠΑΡΦΕ ΣΟΚΟΛΑΤΑ ΠΑΓΩΤΟ ΕΙΔΙΚΟΥ ΤΥΠΟΥ",,,,,,"ΑΡΤΟΣ ΕΦΕΣΟΥ",,,,,0.0000000000000000e+00,0.0000000000000000e+00,0.0000000000000000e+00,,,,0,0
9207,"11002","ΠΑΡΦΕ ΚΡΕΜΑ ΠΑΓΩΤΟ ΕΙΔΙΚΟΥ ΤΥΠΟΥ",,,,,,"ΑΡΤΟΣ ΕΦΕΣΟΥ",,,,,0.0000000000000000e+00,0.0000000000000000e+00,0.0000000000000000e+00,,,,0,0
9208,"11003","ΚΡΕΜΑ ΠΑΓΩΤΟ ΕΙΔΙΚΟΥ ΤΥΠΟΥ",,,,,,"ΑΡΤΟΣ ΕΦΕΣΟΥ",,,,,0.0000000000000000e+00,0.0000000000000000e+00,0.0000000000000000e+00,,,,0,0
9209,"11004","ΚΡΟΚΑΝΤΙΝΟ ΠΑΓΩΤΟ ΕΙΔΙΚΟΥ ΤΥΠΟΥ",,,,,,"ΑΡΤΟΣ ΕΦΕΣΟΥ",,,,,0.0000000000000000e+00,0.0000000000000000e+00,0.0000000000000000e+00,,,,0,0
9210,"11005","ΕΚΜΕΚ ΠΑΓΩΤΟ ΕΙΔΙΚΟΥ ΤΥΠΟΥ",,,,,,"ΑΡΤΟΣ ΕΦΕΣΟΥ",,,,,0.0000000000000000e+00,0.0000000000000000e+00,0.0000000000000000e+00,,,,0,0
9211,"11006","ΣΤΡΑΤΣΙΑΤΕΛΑ ΠΑΓΩΤΟ ΕΙΔΙΚΟΥ ΤΥΠΟΥ",,,,,,"ΑΡΤΟΣ ΕΦΕΣΟΥ",,,,,0.0000000000000000e+00,0.0000000000000000e+00,0.0000000000000000e+00,,,,0,0
9212,"11007","ΜΛΑΚ ΦΟΡΕΣΤ ΠΑΓΩΤΟ ΕΙΔΙΚΟΥ ΤΥΠΟΥ",,,,,,"ΑΡΤΟΣ ΕΦΕΣΟΥ",,,,,0.0000000000000000e+00,0.0000000000000000e+00,0.0000000000000000e+00,,,,0,0
9213,"11008","ΣΟΚΟΛΑΤΑ ΠΑΓΩΤΟ ΕΙΔΙΚΟΥ ΤΥΠΟΥ",,,,,,"ΑΡΤΟΣ ΕΦΕΣΟΥ",,,,,0.0000000000000000e+00,0.0000000000000000e+00,0.0000000000000000e+00,,,,0,0
9214,"11009","ΣΟΚΟΛΑΤΑ ΠΟΡΤΟΛΑΛΙ ΠΑΓΩΤΟ ΕΙΔΙΚΟΥ ΤΥΠΟΥ",,,,,,"ΑΡΤΟΣ ΕΦΕΣΟΥ",,,,,0.0000000000000000e+00,0.0000000000000000e+00,0.0000000000000000e+00,,,,0,0
9215,"11010","ΣΟΚΟΛΑΤΑ ΑΜΑΡΕΝΑ ΠΑΓΩΤΟ ΕΙΔΙΚΟΥ ΤΥΠΟΥ",,,,,,"ΑΡΤΟΣ ΕΦΕΣΟΥ",,,,,0.0000000000000000e+00,0.0000000000000000e+00,0.0000000000000000e+00,,,,0,0
9216,"11011","ΓΙΑΟΥΡΤΙ ΑΜΑΡΕΝΑ ΠΑΓΩΤΟ ΕΙΔΙΚΟΥ ΤΥΠΟΥ",,,,,,"ΑΡΤΟΣ ΕΦΕΣΟΥ",,,,,0.0000000000000000e+00,0.0000000000000000e+00,0.0000000000000000e+00,,,,0,0
9217,"11012","ΓΙΑΟΥΡΤΙ ΠΑΓΩΤΟ ΕΙΔΙΚΟΥ ΤΥΠΟΥ",,,,,,"ΑΡΤΟΣ ΕΦΕΣΟΥ",,,,,0.0000000000000000e+00,0.0000000000000000e+00,0.0000000000000000e+00,,,,0,0
9218,"11013","ΓΙΑΟΥΡΤΙ ΠΟΡΤΟΚΑΛΙ ΠΑΓΩΤΟ ΕΙΔΙΚΟΥ ΤΥΠΟΥ",,,,,,"ΑΡΤΟΣ ΕΦΕΣΟΥ",,,,,0.0000000000000000e+00,0.0000000000000000e+00,0.0000000000000000e+00,,,,0,0
9219,"11014","ΓΙΑΟΥΡΤΙ ΜΕ ΜΕΛΙ ΠΑΓΩΤΟ ΕΙΔΙΚΟΥ ΤΥΠΟΥ",,,,,,"ΑΡΤΟΣ ΕΦΕΣΟΥ",,,,,0.0000000000000000e+00,0.0000000000000000e+00,0.0000000000000000e+00,,,,0,0
9220,"11015","ΦΥΣΤΙΚΙ ΠΑΓΩΤΟ ΕΙΔΙΚΟΥ ΤΥΠΟΥ",,,,,,"ΑΡΤΟΣ ΕΦΕΣΟΥ",,,,,0.0000000000000000e+00,0.0000000000000000e+00,0.0000000000000000e+00,,,,0,0
9221,"11016","ΤΣΕΡΙ ΜΑΝΙΑ ΠΑΓΩΤΟ ΕΙΔΙΚΟΥ ΤΥΠΟΥ",,,,,,"ΑΡΤΟΣ ΕΦΕΣΟΥ",,,,,0.0000000000000000e+00,0.0000000000000000e+00,0.0000000000000000e+00,,,,0,0
9222,"11017","ΦΡΑΟΥΛΑ ΠΑΓΩΤΟ ΕΙΔΙΚΟΥ ΤΥΠΟΥ",,,,,,"ΑΡΤΟΣ ΕΦΕΣΟΥ",,,,,0.0000000000000000e+00,0.0000000000000000e+00,0.0000000000000000e+00,,,,0,0
9223,"11018","ΠΕΠΟΝΙ ΠΑΓΩΤΟ ΕΙΔΙΚΟΥ ΤΥΠΟΥ",,,,,,"ΑΡΤΟΣ ΕΦΕΣΟΥ",,,,,0.0000000000000000e+00,0.0000000000000000e+00,0.0000000000000000e+00,,,,0,0
9224,"11019","ΜΠΑΝΑΝΑ ΠΑΓΩΤΟ ΕΙΔΙΚΟΥ ΤΥΠΟΥ",,,,,,"ΑΡΤΟΣ ΕΦΕΣΟΥ",,,,,0.0000000000000000e+00,0.0000000000000000e+00,0.0000000000000000e+00,,,,0,0
9225,"11020","ΜΠΑΝΑΝΑ ΣΠΛΙΤ ΠΑΓΩΤΟ ΕΙΔΙΚΟΥ ΤΥΠΟΥ",,,,,,"ΑΡΤΟΣ ΕΦΕΣΟΥ",,,,,0.0000000000000000e+00,0.0000000000000000e+00,0.0000000000000000e+00,,,,0,0
9226,"11021","ΚΑΡΑΜΕΛΑ ΠΑΓΩΤΟ ΕΙΔΙΚΟΥ ΤΥΠΟΥ",,,,,,"ΑΡΤΟΣ ΕΦΕΣΟΥ",,,,,0.0000000000000000e+00,0.0000000000000000e+00,0.0000000000000000e+00,,,,0,0
9227,"11022","ΤΙΡΑΜΙΣΟΥ ΠΑΓΩΤΟ ΕΙΔΙΚΟΥ ΤΥΠΟΥ",,,,,,"ΑΡΤΟΣ ΕΦΕΣΟΥ",,,,,0.0000000000000000e+00,0.0000000000000000e+00,0.0000000000000000e+00,,,,0,0
9228,"11023","ΜΙΛΦΕΙΓ ΠΑΓΩΤΟ ΕΙΔΙΚΟΥ ΤΥΠΟΥ",,,,,,"ΑΡΤΟΣ ΕΦΕΣΟΥ",,,,,0.0000000000000000e+00,0.0000000000000000e+00,0.0000000000000000e+00,,,,0,0
9229,"11024","ΠΑΝΑΚΟΤΑ ΠΑΓΩΤΟ ΕΙΔΙΚΟΥ ΤΥΠΟΥ",,,,,,"ΑΡΤΟΣ ΕΦΕΣΟΥ",,,,,0.0000000000000000e+00,0.0000000000000000e+00,0.0000000000000000e+00,,,,0,0
9230,"11025","ΤΖΙΖ ΚΕΙΚ ΠΑΓΩΤΟ ΕΙΔΙΚΟΥ ΤΥΠΟΥ",,,,,,"ΑΡΤΟΣ ΕΦΕΣΟΥ",,,,,0.0000000000000000e+00,0.0000000000000000e+00,0.0000000000000000e+00,,,,0,0
9231,"11026","ΚΡΕΜ ΜΠΡΙΛΕ ΠΑΓΩΤΟ ΕΙΔΙΚΟΥ ΤΥΠΟΥ",,,,,,"ΑΡΤΟΣ ΕΦΕΣΟΥ",,,,,0.0000000000000000e+00,0.0000000000000000e+00,0.0000000000000000e+00,,,,0,0
9232,"11027","ΠΡΑΛΙΝΑ ΑΜΥΓΔΑΛΟΥ ΠΑΓΩΤΟ ΕΙΔΙΚΟΥ ΤΥΠΟΥ",,,,,,"ΑΡΤΟΣ ΕΦΕΣΟΥ",,,,,0.0000000000000000e+00,0.0000000000000000e+00,0.0000000000000000e+00,,,,0,0
9233,"11028","ΠΡΑΛΙΝΑ ΦΟΥΝΤΟΥΚΙΟΥ ΠΑΓΩΤΟ ΕΙΔΙΚΟΥ ΤΥΠΟΥ",,,,,,"ΑΡΤΟΣ ΕΦΕΣΟΥ",,,,,0.0000000000000000e+00,0.0000000000000000e+00,0.0000000000000000e+00,,,,0,0
9234,"11029","ΒΑΦΛΑ ΠΑΓΩΤΟ ΕΙΔΙΚΟΥ ΤΥΠΟΥ",,,,,,"ΑΡΤΟΣ ΕΦΕΣΟΥ",,,,,0.0000000000000000e+00,0.0000000000000000e+00,0.0000000000000000e+00,,,,0,0
9235,"11030","ΚΟΥΚΙΣ ΠΑΓΩΤΟ ΕΙΔΙΚΟΥ ΤΥΠΟΥ",,,,,,"ΑΡΤΟΣ ΕΦΕΣΟΥ",,,,,0.0000000000000000e+00,0.0000000000000000e+00,0.0000000000000000e+00,,,,0,0
9236,"11031","ΦΕΡΕΡΟ ΠΑΓΩΤΟ ΕΙΔΙΚΟΥ ΤΥΠΟΥ",,,,,,"ΑΡΤΟΣ ΕΦΕΣΟΥ",,,,,0.0000000000000000e+00,0.0000000000000000e+00,0.0000000000000000e+00,,,,0,0
9237,"11032","ΒΕΝΕΤΣΙΑΝΑ ΠΑΓΩΤΟ ΕΙΔΙΚΟΥ ΤΥΠΟΥ",,,,,,"ΑΡΤΟΣ ΕΦΕΣΟΥ",,,,,0.0000000000000000e+00,0.0000000000000000e+00,0.0000000000000000e+00,,,,0,0
