IDMarketer,IDMarketer1,IDMarketerCategory,CompanyName,AccountableSurName,AccountableName,Country,Part,City,Section,Address,Telefon1,Telefon2,Telefon3,Fax,e-mail,Text1,Text2,Text3,No1,No2,No3,No4,Date1,Date2,Memo1,YesNo1,YesNo2
836,101,1,"ΠΑΓΓΕΛΑΣ Α.Ε","ΒΑΦΟΠΟΥΛΟΣ ΚΛΕΟΒΟΥΛΟΣ",,"ΕΛΛΑΔΑ","ΠΙΕΡΙΑΣ","ΚΑΤΕΡΙΝΗ",,"1ον Χιλ.ΠΑΛ.ΕΘΝ.ΟΔ.ΚΑΤ.ΘΕΣ/ΚΗΣ","2351029207","2351023826",,,,"Υπό προυποθέσεις εγκεκριμένος",,,6.9000000000000004e+00,,,,,,,0,0
837,102,1,"ΑΛΛΑΤΙΝΗ",,,"ΕΛΛΑΔΑ","ΘΕΣ/ΚΗΣ","ΘΕΣ/ΚΗ","57022 ΣΙΝΔΟΣ","Ο.Τ. 40 Β' ΦΑΣΗ  ΒΙ.ΠΕ.Θ. ΣΙΝΔΟΥ","2310-571000-1-2","571044-5-6",,"571010",,,,,,,,,,,,0,0
839,104,1,"ΜΥΛΟΙ  ΠΑΠΑΦΙΛΗ Α.Ε",,,"ΕΛΛΑΔΑ","ΚΟΡΙΝΘΙΑΣ","ΚΑΛΑΜΑΚΙ","ΙΣΘΜΟΥ","ΙΣΘΜΙΑ ΚΟΡΙΝΘΙΑΣ Τα.Κ 20100","27410-37811","37111",,"27410-37813",,"Υπό προυποθέσεις εγκεκριμένος",,,5.0000000000000000e+00,,,,,,,0,0
840,151,1,"ΤΣΙΤΛΑΚΙΔΟΥ ΔΕΣΠΟΙΝΑ",,,"ΕΛΛΑΔΑ","ΠΙΕΡΙΑΣ","ΚΑΤΕΡΙΝΗ",,"16ης ΟΚΤΩΒΡΙΟΥ  60","23307",,,,,,,,,,,,,,,0,0
841,164,1,"ΖΑΡΤΟ Ε.Π.Ε",,"ΔΡΙΚΟΣ ΒΑΣΙΛΗΣ","ΕΛΛΑΔΑ","ΘΕΣ/ΚΗΣ","54248 ΘΕΣ/ΝΙΚΗ",,"ΚΑΡΑΚΑΣΗ 9","328169",,,"2310-328179",,,,,,,,,,,,0,0
842,168,1,"ΚΑΛΛΑΣ-ΠΑΠΑΔΟΠΟΥΛΟΣ",,,"ΕΛΛΑΔΑ","ΘΕΣ/ΚΗΣ","ΘΕΣ/ΚΗ","57022 ΣΙΝΔΟΣ","Ο.Τ. 8 ΒΙ.ΠΕ.Θ. ΣΙΝΔΟΥ","2310-723324","795255",,"723325","kalas@spark.net.gr",,,,,,,,,,,0,0
843,105,1,"ΚΑΝΑΚΗΣ  ΣΤΕΛΙΟΣ",,,"ΕΛΛΑΔΑ","ΑΤΤΙΚΗΣ","ΑΘΗΝΑ","ΜΕΝΙΔΗ","ΑΝΕΜΟΝΗΣ 4","2419700",,"2462433",,,,,,,,,,,,,0,0
844,106,1,"ΜΑΥΡΟΜΑΤΗΣ  ΤΗΛΕΜΑΧΟΣ",,,"ΕΛΛΑΔΑ",,"ΠΕΙΡΑΙΑΣ","ΦΑΛΗΡΟ","ΓΙΑΝΝΟΠΟΥΛΟΥ 5","4822064",,"4825494",,,,,,,,,,,,,0,0
845,107,1,"ΥΙΟΙ Γ. ΣΥΡΑΝΙΔΗ",,,"ΕΛΛΑΔΑ","ΠΙΕΡΙΑΣ","ΚΑΤΕΡΙΝΗ","ΠΛΑΤΑΝΑΚΙΑ",,"53490","53262",,,,,,,,,,,,,,0,0
846,108,1,"ΑΙΓΑΙΟ","ΤΣΑΟΥΣΗ ΔΟΜΝΑ - ΧΡΥΣΑΓΗΣ ΚΩΝ. Ο.Ε.",,"ΕΛΛΑΔΑ","ΣΕΡΡΩΝ","ΣΕΡΡΕΣ",,"4ο χλμ.ΣΕΡΡΩΝ ΝΙΓΡΙΤΑΣ","23210-35647","36554","35322","35131",,,,,,,,,,,,0,0
847,109,1,"ΤΑΣΟΣ ΠΡΙΣΚΟΜΑΤΗΣ Α.Ε",,,"ΕΛΛΑΔΑ","ΠΙΕΡΙΑΣ","ΚΑΤΕΡΙΝΗ",,"1ο χλμ.ΕΟ ΚΑΤΕΡΙΝΗΣ ΓΑΝΟΧΩΡΑΣ","22366",,,"45895",,,,,,,,,,,,0,0
849,110,1,"Α. ΑΒΕΡΗΣ Ε.Π.Ε",,,"ΕΛΛΑΔΑ","ΘΕΣ/ΚΗΣ","57006 ΒΑΣΙΛΙΚΑ",,"23ο χλμ. ΘΕΣ/ΝΙΚΗΣ ΠΟΛΥΓΥΡΟΥ","23960-22950","6977414490",,"22950",,,,,,,,,,,,0,0
850,111,1,"ΠΑΣΧΑΛΙΔΗΣ",,,"ΕΛΛΑΔΑ",,,,,,,,,,,,,,,,,,,,0,0
851,112,1,"ΧΑΤΖΗΚΟΣΜΑΣ",,,"ΕΛΛΑΔΑ",,,,,,,,,,,,,,,,,,,,0,0
852,113,1,"ΓΡΑΜΜΕΝΟΣ Ι. Κ& ΣΙΑ ΟΕ","ΣΙΔΗΡΟΠΟΥΛΟΣ ΓΙΑΝΝΗΣ",,"ΕΛΛΑΔΑ",,,,,"6947270937",,,,,,,,,,,,,,,0,0
853,114,1,"ΙΩΝΙΚΗ ΣΦΟΛΙΑΤΑ",,,"ΕΛΛΑΔΑ","ΘΕΣ/ΚΗΣ",,"ΝΕΟΧΩΡΟΥΔΑΣ","1ο χλμ ΝΕΩΧ.ΩΡΑΙΟΚΑΣΤΡΟΥ","788120","788371","778255","ioniki@hol.gr",,,,,,,,,,,,0,0
854,115,1,"ΚΩΝΣΤΑΝΤΟΠΟΥΛΟΣ  Α.Ε",,,"ΕΛΛΑΔΑ","ΠΙΡΙΑΣ","ΚΑΤΕΡΙΝΗ","ΕΘΝ.ΟΔΟΣ",,"36767","73072","37748",,,,,,,,,,,,,0,0
855,116,1,"ΚΑΡΑΚΟΥΣΗΣ ΔΗΜΗΤΡΙΟΣ",,,"ΕΛΛΑΔΑ",,"ΝΕΑ ΕΦΕΣΣΟΣ","ΠΙΕΡΙΑΣ","Ν.ΕΦΕΣΣΟΣ","23510-52052",,,"52052",,,,,,,,,,,,0,0
856,117,1,"ΠΛΑΖΑ",,,"ΕΛΛΑΔΑ","ΘΕΣ/ΚΗΣ",,"ΣΙΝΔΟΣ","Ο.Τ.40Β ΦΑΣΗ ΒΙ.ΠΕ. ΘΕΣ/ΝΙΚΗΣ","795266",,"571070","571075",,,,,,,,,,,,0,0
857,118,1,"ΣΠΙΤΙΚΟ",,,"ΕΛΛΑΔΑ",,,,,,,,,,,,,,,,,,,,0,0
858,119,1,"ΧΟΥΛΙΑΡΑΣ",,,"ΕΛΛΑΔΑ","ΘΕΣ/ΚΗΣ","ΘΕΣ/ΚΗ","ΣΤΑΥΡΟΥΠΟΛΗ","ΨΑΡΩΝ 29","669338",,,,,,,,,,,,,,,0,0
859,120,1,"ΜΠΕΙΚΜΑΡΚ",,,"ΕΛΛΑΔΑ",,,,,,,,,,,,,,,,,,,,0,0
860,121,1,"ΙΡΕΚΣ",,,"ΕΛΛΑΔΑ",,,,,,,,,,,,,,,,,,,,0,0
861,122,1,"ΔΕΛΤΑ",,,"ΕΛΛΑΔΑ",,,,,,,,,,,,,,,,,,,,0,0
862,123,1,"ΠΟΥΡΑΤΟΣ",,,"ΕΛΛΑΔΑ",,,,,,,,,,,,,,,,,,,,0,0
863,124,1,"ΦΙΛΚΑ",,"Ε.Ι ΚΩΝΣΤΑΝΤΙΝΙΔΗΣ & ΣΙΑ.Ο,Ε","ΕΛΛΑΔΑ","ΘΕΣ/ΚΗΣ","ΘΕΣ/ΚΗ",,"ΓΙΑΝΝΙΤΣΩΝ 50","531401",,"540051",,,,,,,,,,,,,0,0
864,125,1,"ΑΦΟΙ ΜΠΑΡΔΑΚΗ Ο.Ε",,,"ΕΛΛΑΔΑ","ΠΙΕΡΙΑΣ","ΚΑΤΕΡΙΝΗ",,,"36598","27959",,,,,,,,,,,,,,0,0
865,126,1,"ΓΑΒΑΝΑΣ ΦΙΛΙΠΠΟΣ",,,"ΕΛΛΑΔΑ","ΧΑΛΚΙΔΙΚΗΣ","ΓΑΛΑΤΙΣΤΑ",,,"2371-0-31888",,,,,,,,,,,,,,,0,0
866,127,1,"ΛΥΜΠΕΡΗΣ ΚΥΡΙΑΚΟΣ Κ ΣΙΑ Ο.Ε",,,"ΕΛΛΑΔΑ","ΧΑΛΚΙΔΙΚΗΣ",,"ΛΑΚΚΩΜΑ",,"23990-51020","51024","51074","51013",,,,,,,,,,,,0,0
867,128,1,"ΣΕΡΡΑΙΚΗ ΜΠΟΥΓΑΤΣΑ Ο.Ε",,,"ΕΛΛΑΔΑ","ΣΕΡΡΩΝ","ΣΕΡΡΕΣ",,"2o χλμ. ΣΕΡΡΩΝ ΝΙΓΡΙΤΑΣ","23210","46042","46220",,,,,,,,,,,,,0,0
868,129,1,"ΠΑΠΑΝΑΚΟΣ ΠΕΤΡΟΣ Κ.ΣΙΑ Ο.Ε",,,"ΕΛΛΑΔΑ","ΠΙΕΡΙΑΣ","ΚΑΤΕΡΙΝΗ",,"ΥΨΗΛΑΝΤΟΥ 37","28475",,,"28475",,,,,,,,,,,,0,0
869,130,1,"ΣΑΜΛΙΔΟΥ ΕΛΕΝΗ",,,"ΕΛΛΑΔΑ","ΠΙΕΡΙΑΣ","ΚΑΤΕΡΙΝΗ",,"ΑΓ.ΑΙΚΑΤΕΡΙΝΗΣ  47","30792","33586 ΟΙΚΙ",,,,,,,,,,,,,,0,0
870,131,1,"ΜΕΤΡΟ",,,"ΕΛΛΑΔΑ","ΠΙΕΡΙΑΣ","ΚΑΤΕΡΙΝΗ","ΤΕΛΩΝΕΙΟΥ","3ον χιλ.Παλ.Εθν.Οδου Κατ.Θεσ.","79901",,,,,,,,,,,,,,,0,0
871,132,1,"ΚΑΦΑΝΤΑΡΗΣ ΣΤΕΡΓΙΟΣ",,,"ΕΛΛΑΔΑ","ΘΕΣ/ΚΗΣ","ΘΕΣ/ΚΗ","Κ. ΤΟΥΜΠΑ","ΑΝΩ ΤΖΟΥΜΑΓΙΑΣ 49","917007",,,,,,,,,,,,,,,0,0
872,133,1,"OFFSET GRAPHIC HELLAS",,"Λ.ΓΕΩΡΓΙΑΔΗΣ-Σ.ΓΡΗΓΟΡΙΑΔΗΣ Ο.Ε","ΕΛΛΑΔΑ","ΔΡΑΜΑΣ","ΔΡΑΜΑ","ΒΙ.ΠΕ ΔΡΑΜΑΣ",,"25210","55600-2","55602",,,,,,,,,,,,,0,0
873,134,1,"ΚΟΝΤΑ ΑΕΒΕ",,,"ΕΛΛΑΔΑ","ΑΤΤΙΚΗΣ","ΑΘΗΝΑ","ΑΧΑΡΝΑΙ","28ης Οκτωβρίου     Τα.Κ 136 71","2406990",,"2460694",,,,,,,,,,,,,0,0
874,135,1,"Π.ΠΟΥΝΙΩΤΗΣ Κ.ΣΙΑ Ο.Ε",,,"ΕΛΛΑΔΑ","ΠΙΕΡΙΑΣ","ΚΑΤΕΡΙΝΗ","ΜΑΞΙ",,"77654",,"77654",,,,,,,,,,,,,0,0
875,136,1,"ΦΑΜΑ ΒΟΡΕΙΟΥ ΕΛΛΑΔΟΣ Ε.Π.Ε","ΑΝΤΩΝΗΣ",,"ΕΛΛΑΔΑ","ΘΕΣ/ΚΗΣ","ΘΕΣ/ΚΗ","ΒΙ.ΠΕ  ΣΙΝΔΟΥ",,"569570","2310","569570",,,,,,,,,,,,,0,0
876,137,1,"ΜΑΞΙ ΑΒΕΕ",,,"ΕΛΛΑΔΑ","ΠΙΕΡΙΑΣ","ΚΑΤΕΡΙΝΗ",,"1ο χλμ.Π.Ε.Ο.ΚΑΤΕΡ.- ΘΕΣ/ΚΗΣ","23510-31322","37304-5",,"31143",,,,,,,,,,,,0,0
877,138,1,"ΤΟΚΑΣ ΑΘΑΝΑΣΙΟΣ",,,"ΕΛΛΑΔΑ","ΠΙΕΡΙΑΣ","ΚΑΤΕΡΙΝΗ",,"ΑΓΙΑΣ ΤΡΙΑΔΟΣ 22   Τα.Κ 60100","45044",,"45044",,,,,,,,,,,,,0,0
878,145,1,"ΚΟΡΟΜΠΙΛΗΣ ΚΩΝ/ΝΟΣ","ΙΔΙΟΣ",,"ΕΛΛΑΔΑ","ΠΙΕΡΙΑΣ","ΚΑΤΕΡΙΝΗ","ΚΟΝΤΑΡΙΩΤΙΣΣΑ",,"52092","6944752823",,,,,,,,,,,,,,0,0
879,6,2,"ΑΝΔΡΟΥΤΣΟΥ","ΓΙΑΠΙΤΖΗΣ",,"ΕΛΛΑΔΑ","ΠΙΕΡΙΑΣ","ΚΑΤΕΡΙΝΗ",,"ΚΑΤΕΡΙΝΗ","2351036510",,,,,,,,2.0080000000000000e+03,4.0000000000000000e+01,,,,,,0,0
880,7,2,"ΚΑΣΣΑΝΔΡΟΥ","ΓΙΑΠΙΤΖΗΣ",,"ΕΛΛΑΔΑ","ΠΙΕΡΙΑΣ","ΚΑΤΕΡΙΝΗ",,"ΚΑΤΕΡΙΝΗ","2351023340",,,,,,,,2.0080000000000000e+03,2.4000000000000000e+01,2.4000000000000000e+01,2.0090000000000000e+03,,,,0,0
883,1003,6,"ΜΑΡΚΟΓΛΟΥ ΣΤΕΛΙΟΣ","ΙΔΙΟΣ",,"ΕΛΛΑΔΑ","ΠΙΕΡΙΑΣ","ΚΑΤΕΡΙΝΗ",,"ΕΦΕΣΣΟΣ","2351051998",,,,,,,,,,,,,,,0,0
886,1005,6,"ΓΚΟΛΕΜΑ ΚΥΡΙΑΚΗ","ΓΚΟΛΕΜΑ ΔΗΜΗΤΡΙΟΣ",,"ΕΛΛΑΔΑ","ΠΙΕΡΙΑΣ","ΚΑΤΕΡΙΝΗ",,"ΒΡΟΝΤΟΥ","2351055503","55115",,,,,,,,,,,,,,0,0
890,8,2,"ΠΕΡΙΣΤΑΣΗΣ","ΓΙΑΠΙΤΖΗΣ ΙΩΑΝΝΗΣ",,"ΕΛΛΑΔΑ","ΠΙΕΡΙΑΣ","ΚΑΤΕΡΙΝΗ","ΔΗΜΟΣ ΠΑΡΑΛΙΑΣ","ΜΑΚΕΔΙΝΙΑΣ 37","23510-7522",,,,,,,,,,,,,,,0,0
893,148,1,"ΙΩΑΝ.  ΚΑΛΛΙΓΑΣ",,,"ΕΛΛΑΔΑ","ΠΙΕΡΙΑΣ","ΑΓ.ΣΠΥΡΙΔΩΝΑΣ",,,"2351055216",,,"2351046112",,,,,,,,,,,,0,0
895,146,1," ΑΛΒΑΝΟΣ ΣΤΕΛΙΟΣ (ΑΛΜΑ)",,,"ΕΛΛΑΔΑ",,,"57200 ΛΑΓΚΑΔΑΣ","1ο χλμ.ΛΑΓΚΑΔΑ ΣΟΧΟΥ","23940-20085",,,,,,,,,,,,,,,0,0
896,139,1,"ΓΙΩΤΣΑΣ Α-ΤΣΙΤΣΙΡΙΓΚΟΥ Ο.Ε.",,,"ΕΛΛΑΔΑ",,,"ΠΙΕΡΙΑΣ","ΑΓ.ΣΠΥΡΙΔΩΝΑΣ","23510-56015",,,"56013",,,,,,,,,,,,0,0
897,147,1,"ΑΦΟΙ ΚΩΤΣΙΟΠΟΥΛΟΙ Α.Ε. ΙΟΝ",,,"ΕΛΛΑΔΑ",,"ΑΘΗΝΑ","ΝΈΟ ΦΑΛΗΡΟ","ΕΛ.ΒΕΝΙΖΕΛΟΥ 69","2104814971","2310-472939",,,,,,,,,,,,,,0,0
898,140,1,"ΚΥΛΙΝΔΡΟΜΥΛΟΙ ΧΑΛΚΙΔΙΚΗΣ Α.Ε",,,"ΕΛΛΑΔΑ","ΧΑΛΚΙΔΙΚΗΣ","ΕΛΑΙΟΧΩΡΙΑ",,,"23730-71174",,,"2373071066",,,,,,,,,,,,0,0
899,141,1,"ΣΟΥΠΕΡ ΜΑΡΚΕΤ",,,"ΕΛΛΑΔΑ",,,,,,,,,,,,,,,,,,,,0,0
900,142,1,"ΣΠΥΡΟΣ ΤΟΥΝΤΟΠΟΥΛΟΣ κ ΣΙΑ ΟΕ",,,"ΕΛΛΑΔΑ",,"ΑΘΗΝΑ","14572 ΔΡΟΣΙΑ ΑΤΤΙΚΗΣ","ΑΘΗΝΩΝ 56","2102310084","694443390",,"2102384321",,,,,,,,,,,,0,0
901,143,1,"ΥΦΑΝΤΗΣ",,,"ΕΛΛΑΔΑ",,,,,,,,,,,,,,,,,,,,0,0
902,144,1,"ΩΜΕΓΑ FOODS Α.Ε.",,,"ΕΛΛΑΔΑ","ΘΕΣ/ΝΙΚΗΣ","ΘΕΣΣΑΛΟΝΙΚΗ","57009 ΚΑΛΟΧΩΡΙ","ΚΕΡΚΥΡΑΣ 4","2310-753990/1","751302","751680",,,,,,,,,,,,,0,0
903,152,1,"ΦΙΚΑ ΑΡΙΣΤΟΜΕΝΗ & ΣΙΑ Ο.Ε",,,"ΕΛΛΑΔΑ","ΘΕΣΣΑΛΟΝΙΚΗΣ","ΘΕΣΣΑΛΟΝΙΚΗ","ΦΙΞ","26ΗΣ ΟΚΤΩΒΡΙΟΥ 72-ΛΗΜΝΟΥ 2","2310-567490",,,"2310-567325",,,,,,,,,,,,0,0
905,1043,6,"ΓΚΙΜΠΗ ΜΑΡΙΑ",,,"ΕΛΛΑΔΑ",,,"ΚΩΝΤΑΡΙΩΤΙΣΣΑ",,"51995","51021",,,,,,,,,,,,,,0,0
906,1042,6,"ΠΑΠΑΔΟΠΟΥΛΟΥ ΕΥΑΝΘΙΑ","ΠΑΠΑΔΟΠΟΥΛΟΥ ΕΥΑΝΘΙΑ",,"ΕΛΛΑΔΑ",,,"ΚΩΝΤΑΡΙΩΤΙΣΣΑ",,"51716",,,,,,,,,,,,,,,0,0
907,149,1,"ΕΥΑΓΓΕΛΟΥ ΦΑΝΗ","ΘΑΝΑΣΗΣ ΕΥΑΓΓΕΛΟΥ",,"ΕΛΛΑΔΑ",,,,,"53472","53628",,,,,,,,,,,,,,0,0
908,150,1,"ΠΑΠΑΔΟΠΟΥΛΟΣ Κ. ΕΠΕ",,,"ΕΛΛΑΔΑ",,"ΒΕΡΟΙΑ",,"2ο χλμ.ΒΕΡΟΙΑΣ ΑΓ.ΒΑΡΒΑΡΑΣ",,,,"2331024146",,,,,,,,,,,,0,0
909,1046,6,"ΚΑΦΕ ΠΙΤΣΑ","ΦΟΛΙΟΣ Γ. ΑΝΑΣΤΑΣΙΟΣ",,"ΕΛΛΑΔΑ",,,"ΠΙΕΡΙΑ","ΚΑΡΙΤΣΑ","2351053002",,,,,,,,,,,,,,,0,0
910,103,1,"ΧΡΥΣΟΣΤΟΜΟΥ Α.Ε.",,,"ΕΛΛΑΔΑ","ΠΙΕΡΙΑΣ","ΚΑΤΕΡΙΝΗ",,"ΤΕΡΜΑ Α.ΜΙΑΟΥΛΗ","23510-37367","22929","78144","34986",,,,,,,,,,,,0,0
911,153,1,"ΜΥΛΟΙ ΑΦΩΝ ΜΑΡΡΑ Α.Ε.",,,"ΕΛΛΑΔΑ","ΚΟΡΙΝΘΟΥ","ΚΟΡΙΝΘΟΣ","20100","ΠΑΤΡΩΝ 90 ΧΛΜ.","2310783647",,,,,,,,,,,,,,,0,0
912,1,2,"ΚΕΝΤΡΙΚΟ",,,"ΕΛΛΑΔΑ","Πιερίας","Ν.Εφεσσος",,,,,,,,,,,,,,,,,,0,0
913,1001,6,"ΠΑΠΑΕΥΑΓΓΕΛΟΥ ΑΣΤΕΡΙΟΣ",,,"ΕΛΛΑΔΑ",,"Ν.ΕΦΕΣΣΟΣ",,,"51347",,,"51347",,,,,,,,,,,,0,0
914,1002,6,"ΚΑΡΑΝΙΚΑΣ ΚΩΝΣΤΑΝΤΙΝΟΣ",,,"ΕΛΛΑΔΑ",,"Ν.ΕΦΕΣΣΟΣ",,,,,,,,,,,,,,,,,,0,0
916,154,1,"ΜΥΛΟΙ ΘΡΑΚΗΣ",,,"ΕΛΛΑΔΑ","ΕΒΡΟΥ","ΑΛΕΞΑΝΔΡΟΥΠΟΛΗ",,,,,,,,,,,,,,,,,,0,0
917,155,1,"ΣΤΕΡΓΙΟΥ ΣΤΑΥΡΟΣ Α.Ε",,,"ΕΛΛΑΔΑ","ΘΕΣΣΑΛΙΝΙΚΗΣ","ΘΕΣΣΑΛΟΝΙΚΗ","ΠΥΛΑΙΑ","ΙΩΑΝΝΙΝΩΝ","2310473341",,,"2310473351",,,,,,,,,,,,0,0
918,156,1,"ΧΑΤΖΗΓΕΩΡΓΙΟΥ Α.Β.Ε.Ε.",,,"ΕΛΛΑΔΑ","ΔΡΑΜΑΣ","ΔΡΑΜΑ","ΑΔΡΙΑΝΗ ΔΡΑΜΑΣ","7ον χιλ. Δραμας-Ξανθης 66100 Αδριανη","2521082082","2521082282",,"2521082110",,,,,,,,,,,,0,0
919,157,1,"ΜΑΡΓΑΡΙΤΗΣ ΑΘΑΝΑΣΙΟΣ",,,"ΕΛΛΑΔΑ","ΘΕΣΣΑΛΙΝΙΚΗΣ","ΘΕΣΣΑΛΟΝΙΚΗ","ΒΑΣΙΛΙΚΑ","Τα.Κ.57006 ΒΑΣΙΛΙΚΑ-ΑΓ.ΑΝΤΩΝΙΟΣ","2396041812",,,,,,,,,,,,,,,0,0
920,158,1,"ΤΣΑΠΡΑΝΗΣ ΕΥΘΥΜΙΟΣ",,,"ΕΛΛΑΔΑ","ΠΙΕΡΙΑΣ","ΚΑΤΕΡΙΝΗ",,"ΝΙΚ.ΠΛΑΣΤΗΡΑ & ΜΟΝΕΜΒΑΣΙΑΣ","23510-39007",,,,,,,,,,,,,,,0,0
921,159,1,"ΚΟΥΤΣΟΓΙΑΝΝΗΣ ΧΡΗΣΤΟΣ",,,"ΕΛΛΑΔΑ","ΠΙΕΡΙΑΣ","ΚΑΤΕΡΙΝΗ",,"Δ.ΚΥΠΡΙΟΥ 9","23510-20787",,,,,,,,,,,,,,,0,0
922,160,1,"ΚΡΕΤΑ ΦΑΡΜ ΑΒΕΕ",,,"ΕΛΛΑΔΑ","ΡΕΘΥΜΝΟΥ","ΠΡΙΝΟΣ","ΜΥΛΟΠΟΤΑΜΟΥ",,"2310-784880",,,,,,,,,,,,,,,0,0
923,161,1,"PURATOS ΕΛΛΑΣ",,,"ΕΛΛΑΔΑ","ΑΤΤΙΚΗΣ","ΑΘΗΝΑ","ΘΕΣ/ΝΙΚΗ ΙΩΝΙΑ ΠΡΟΕΚ.ΑΡΙΣΤΟΤΕΛΟΥΣ","ΑΛΙΚΑΡΝΑΣΣΟΥ 49","2105239157-158-","2310784200",,,,,,,,,,,,,,0,0
924,9,2,"ΜΑΡΤΙΟΥ",,,"ΕΛΛΑΔΑ",,,,,,,,,,,,,,,,,,,,0,0
925,162,1,"METRO",,,"ΕΛΛΑΔΑ",,,"ΚΑΤΕΡΙΝΗ","3 ΟΧΛΜ.ΠΕΟ ΚΑΤΕΡΙΝΗΣ ΘΕΣ/ΝΙΚΗΣ",,,"2351079901",,,,,,,,,,,,,0,0
926,163,1,"ΤΟΥΜΠΟΥΡΛΕΚΑ ΑΒΕΕ",,,"ΕΛΛΑΔΑ","ΘΕΣΣΑΛΟΝΙΚΗΣ","ΘΕΣΣΑΛΟΝΙΚΗ",,"17ης  ΝΟΕΜΒΡΗ 81","2310945858",,,"2310953843",,,,,,,,,,,,0,0
927,165,1,"ΣΚΟΥΡΓΙΑΣ ΑΘΑΝΑΣΙΟΣ",,,"ΕΛΛΑΔΑ","ΠΙΕΡΙΑΣ","ΚΑΤΕΡΙΝΗ",,"25ΗΣ ΜΑΡΤΙΟΥ 30","29484",,,,,,,,,,,,,,,0,0
928,166,1,"ΑΝΘΗΣ Γ.ΕΛΕΥΘΕΡΙΟΣ",,,"ΕΛΛΑΔΑ","ΘΕΣΣΑΛΟΝΙΚΗΣ","ΚΑΛΟΧΩΡΙ",,,"2310-755593",,,,,,,,,,,,,,,0,0
929,167,1,"ΤΖΗΜΑΣ Δ.ΑΘΑΝΑΣΙΟΣ",,,"ΕΛΛΑΔΑ","ΠΙΕΡΙΑΣ",,,"ΔΙΑΣ/ΣΗ ΚΟΝΤΑΡΙΩΤΙΣΣΑΣ ΚΑΡΙΤΣΑΣ","2351052223",,,,,,,,,,,,,,,0,0
931,169,1,"ΤΙΤΗΣ","ΤΙΤΗΣ","ΠΕΤΡΟΣ","ΕΛΛΑΔΑ","ΘΕΣΣΑΛΟΝΙΚΗΣ",,"ΒΙΠΕ ΘΕΡΜΗΣ",,"2310-466966",,,,,,,,,,,,,,,0,0
932,170,1,"GABRIEL ΑΒΕΕ",,,"ΕΛΛΑΔΑ","ΧΑΛΚΙΔΙΚΗΣ",,"ΛΑΚΩΜΜΑ",,"2399020183",,,,,,,,,,,,,,,0,0
933,171,1,"ΑΦΟΙ ΠΟΙΚΙΛΙΔΗ Ο.Ε.",,,"ΕΛΛΑΔΑ",,"ΚΑΤΕΡΙΝΗ",,"2ο χλμ.ΑΦΟΙ ΠΟΙΚΙΛΙΔΗ ΟΕ","23510-39766",,,,,,,,,,,,,,,0,0
934,172,1,"ΓΕΩΡΓΙΑΔΗΣ ΦΩΤΙΟΣ",,,"ΕΛΛΑΔΑ","ΘΕΣΣΑΛΟΝΙΚΗΣ",,"ΒΙΠΑ ΩΡΑΙΟΚΑΣΤΡΟΥ","ΟΔΟΣ ΑΕΡΟΔΡΟΜΙΟΥ","2310-684200",,,,,,,,,,,,,,,0,0
935,173,1,"ΒΙΟΤΡΕΚ","ΙΑΣΩΝΑΣ",,"ΕΛΛΑΔΑ","ΑΤΤΙΚΗΣ","ΑΘΗΝΑ",,,"2106655060",,,,,,,,,,,,,,,0,0
936,174,1,"ΜΠΟΣΚΟΣ ΧΡ.ΘΕΟΔΩΡΟΣ",,,"ΕΛΛΑΔΑ","ΘΕΣΣΑΛΟΝΙΚΗΣ","Ν.ΜΑΛΓΑΡΑ","ΔΗΜΟΣ ΑΞΙΟΥ",,"23910-41666",,,"41442",,"Μη εγκεκριμένος",,,0.0000000000000000e+00,0.0000000000000000e+00,0.0000000000000000e+00,,,,,0,0
937,11,2,"ΣΚΡΑ",,,"ΕΛΛΑΔΑ",,,,,,,,,,"Μη εγκεκριμένος",,,0.0000000000000000e+00,0.0000000000000000e+00,0.0000000000000000e+00,,,,,0,0
938,175,1,"ΚΑΓΙΑ ΑΕ",,,"ΕΛΛΑΔΑ",,,,,,,,,,"Μη εγκεκριμένος",,,0.0000000000000000e+00,0.0000000000000000e+00,0.0000000000000000e+00,,,,,0,0
939,176,1,"NEOXHMIKH ABEE",,,"ΕΛΛΑΔΑ",,"ΑΘΗΝΑ","Π.ΦΑΛΗΡΟ","ΠΕΝΤΕΛΗΣ 34",,,,,,"Μη εγκεκριμένος",,,0.0000000000000000e+00,0.0000000000000000e+00,0.0000000000000000e+00,,,,,0,0
940,177,1,"ΑΣΤΡΟΝ ΧΗΜΙΚΑ ΑΕ",,,"ΕΛΛΑΔΑ",,"ΑΘΗΝΑ",,,,,,,,"Μη εγκεκριμένος",,,0.0000000000000000e+00,0.0000000000000000e+00,0.0000000000000000e+00,,,,,0,0
942,178,1,"ΚΟΥΒΕΛΗΣ-ΠΑΝΤΖΗΣ Μ. ΙΩΑΝΝΗΣ",,,"ΕΛΛΑΔΑ","ΘΕΣΣΑΛΟΝΙΚΗΣ","ΘΕΣΣΑΛΟΝΙΚΗ",,"Π. ΑΘΗΝΑΓΟΡΑ 9","2310682150",,,"2310682501",,"Μη εγκεκριμένος",,,0.0000000000000000e+00,0.0000000000000000e+00,0.0000000000000000e+00,,,,,0,0
943,179,1,"ΑΛΕΥΡ/ΝΑΙ ΣΙΜ/ΠΟΙΙΑ ΚΟΜΟΤΗΝΗΣ Α.Β.Ε.Ε",,,"ΕΛΛΑΔΑ",,"ΚΟΜΟΤΗΝΗ",,"7οχλμ Ε.Ο ΚΟΜΟΤΗΝΗΣ -ΙΑΣΜΟΥ","2351071616",,,"2353071617",,"Μη εγκεκριμένος",,,0.0000000000000000e+00,0.0000000000000000e+00,0.0000000000000000e+00,,,,,0,0
944,180,1,"ΜΥΛΟΙ ΛΟΥΛΗ Α.Ε",,,"ΕΛΛΑΔΑ","ΜΑΓΝΗΣΙΑΣ","ΣΟΥΡΠΗ. ΜΑΓΝΗΣΙΑΣ","ΛΙΜΕΝΑΣ-ΛΟΥΛΗ","ΣΟΥΡΠΗ","2310754000","2422077200",,"2422077300",,"Μη εγκεκριμένος",,,0.0000000000000000e+00,0.0000000000000000e+00,0.0000000000000000e+00,,,,,0,0
945,181,1,"ΑΘ.ΠΟΥΡΣΑΝΙΔΗΣ Κ ΥΙΟΙ Α.Ε",,,"ΕΛΛΑΔΑ","ΘΕΣΣΑΛΟΝΙΚΗΣ","ΘΕΣΣΑΛΟΝΙΚΗ","ΚΑΒΑΛΑΡΙ -ΛΑΓΚΑΔΑ","17χλμ ΘΕΣΣΑΛΟΝΙΚΗΣ-ΚΑΒΑΛΑΣ","2394052495",,,"2394052496",,"Μη εγκεκριμένος",,,0.0000000000000000e+00,0.0000000000000000e+00,0.0000000000000000e+00,0.0000000000000000e+00,,,,0,0
946,182,1,"VIORYL A.E",,,"ΕΛΛΑΔΑ","ATTIKHΣ","ΑΦΙΔΝΕΣ",,"28ΧΛΜ ΕΘΝ ΟΔΟΥ ΑΘΗΝΩΝ-ΛΑΜΙΑΣ","22950-45100",,,"22950-45250","νiορyl@vioryl.gr","Μη εγκεκριμένος",,,0.0000000000000000e+00,0.0000000000000000e+00,0.0000000000000000e+00,0.0000000000000000e+00,,,,0,0
947,183,1,"ΜΕΒΓΑΛ","HJHGJ","HJ","ΕΛΛΑΔΑ","GJGJ","HJHK",,,,,,,,"Μη εγκεκριμένος",,,0.0000000000000000e+00,0.0000000000000000e+00,0.0000000000000000e+00,0.0000000000000000e+00,,,,0,0
948,184,1,"XELLENIC FOODSERVISE S.A",,,"ΕΛΛΑΔΑ","ΘΕΣΣΣΑΛΟΝΙΚΗΣ",,"ΝΕΑ ΡΑΙΔΕΣΤΟΣ","20χλμ ΘΕΣΙΝΙΚΗΣ ΠΟΛΥΓΥΡΟΥ","2310797891","2310797335",,,,"Μη εγκεκριμένος",,,0.0000000000000000e+00,0.0000000000000000e+00,0.0000000000000000e+00,0.0000000000000000e+00,,,,0,0
949,185,1,"Γ.Ε. ΑΡΓ. ΣΤΟΓΙΑΝΝΟΥ Ο.Ε",,"ΜΑΝΑΚΟΣ ΣΠΥΡΟΣ","ΕΛΛΑΔΑ","ΒΕΡΟΙΑΣ",,,"5 χλμ ΒΕΡΟΙΑΣ-ΝΑΟΥΣΑΣ","2331023224",,,"2331074700",,"Μη εγκεκριμένος",,,0.0000000000000000e+00,0.0000000000000000e+00,0.0000000000000000e+00,0.0000000000000000e+00,,,,0,0
950,186,1,"ΝΗΤΣΙΟΣ ΔΗΜ.ΜΟΝ. Ε.Π.Ε",,"ΑΝΘΗΣ","ΕΛΛΑΔΑ","ΘΕΣΣΑΛΟΝΙΚΗΣ",,,,,,,,,"Μη εγκεκριμένος",,,0.0000000000000000e+00,0.0000000000000000e+00,0.0000000000000000e+00,0.0000000000000000e+00,,,,0,0
951,187,1,"ΜΠΑΡΔΑΚΗΣ ΕΥΑΓΓΕΛΟΣ",,,"ΕΛΛΑΔΑ","ΠΙΕΡΙΑΣ","ΚΑΤΕΡΙΝΗ",,"Μ. ΑΛΕΞΑΝΔΡΟΥ 14","2351036598",,,,,"Μη εγκεκριμένος",,,0.0000000000000000e+00,0.0000000000000000e+00,0.0000000000000000e+00,0.0000000000000000e+00,,,,0,0
952,188,1,"ΖΕΛΚΑΣ ΜΙΧ. & ΣΙΑ Ο.Ε",,,"ΕΛΛΑΔΑ","ΠΙΕΡΙΑΣ",,,"4 ΧΛΜ ΕΠ. ΟΔ ΚΑΤΕΡΙΝΗΣ-ΟΛΥΜΠ. ΑΚΤΗ","2351062773",,,"2351062773",,"Μη εγκεκριμένος",,,0.0000000000000000e+00,0.0000000000000000e+00,0.0000000000000000e+00,0.0000000000000000e+00,,,,0,0
953,189,1,"ΤΣΕΛΕΓΚΕΡΙΔΗΣ ΣΑΒ. ΑΛΕΞΑΝΔΡΟΣ",,,"ΕΛΛΑΔΑ","ΠΙΕΡΙΑΣ","ΚΑΤΕΡΙΝΗ","ΚΑΤΕΡΙΝΗ","ΥΨΗΛΑΝΤΟΥ 36","23510 29581",,,"23510 29581",,"Μη εγκεκριμένος",,,0.0000000000000000e+00,0.0000000000000000e+00,0.0000000000000000e+00,0.0000000000000000e+00,,,,0,0
954,190,1,"ΠΑΠΑΓΙΑΝΝΗΣ Σ.& ΣΙΑ Ε.Ε.",,,"ΕΛΛΑΔΑ","ΘΕΣΣΑΛΟΝΙΚΗΣ","ΘΕΣΣΑΛΟΝΙΚΗ",,"ΓΟΥΝΑΡΗ 38  54621","23210 75725",,,,,"Μη εγκεκριμένος",,,0.0000000000000000e+00,0.0000000000000000e+00,0.0000000000000000e+00,0.0000000000000000e+00,,,,0,0
955,191,1,"ΓΑΒΡΙΛΗΣ",,,"ΕΛΛΑΔΑ","ΧΑΛΚΙΔΙΚΗΣ","ΓΑΛΑΤΙΣΤΑ",,,,,,,,"Μη εγκεκριμένος",,,6.5999999999999996e+00,0.0000000000000000e+00,0.0000000000000000e+00,0.0000000000000000e+00,,,,0,0
956,192,1,"ΜΑΣΟΥΤΗΣ",,,"ΕΛΛΑΔΑ","ΠΙΕΡΙΑΣ","ΚΑΤΕΡΙΝΗ",,,,,,,,"Μη εγκεκριμένος",,,0.0000000000000000e+00,0.0000000000000000e+00,0.0000000000000000e+00,0.0000000000000000e+00,,,,0,0
958,193,1,"ΑΝΤΖΟΥΛΑΤΟΣ Α.Ε",,,"ΕΛΛΑΔΑ",,,,,,,"2105777745","2105777640",,"Μη εγκεκριμένος",,,0.0000000000000000e+00,0.0000000000000000e+00,0.0000000000000000e+00,0.0000000000000000e+00,,,,0,0
959,194,1,"Τ &T FOODS A.E",,,"ΕΛΛΑΔΑ","ΘΕΣΣΑΛΟΝΙΚΗΣ",,"ΠΛΑΓΙΑΡΙ ΘΕΣ/ΝΙΚΗΣ","ΜΙΑΟΥΛΗ 58","2399051190",,,"2399051191",,"Μη εγκεκριμένος",,,0.0000000000000000e+00,0.0000000000000000e+00,0.0000000000000000e+00,0.0000000000000000e+00,,,,0,0
960,195,1,"ΜΥΛΟΙ ΚΑΡΑΝΙΚΑΣ Α.Ε",,,"ΕΛΛΑΔΑ",,"ΑΛΕΞΑΝΔΡΕΙΑ",,"28ηs ΟΚΤΩΒΡΙΟΥ","2333022887",,,,,"Μη εγκεκριμένος",,,0.0000000000000000e+00,0.0000000000000000e+00,0.0000000000000000e+00,0.0000000000000000e+00,,,,0,0
961,196,1,"Γ& Μ ΜΠΑΡΔΑΚΗ Ο.Ε",,,"ΕΛΛΑΔΑ","ΚΟΡΙΝΟΣ-ΠΙΕΡΙΑΣ",,,,,,,,,"Μη εγκεκριμένος",,,0.0000000000000000e+00,0.0000000000000000e+00,0.0000000000000000e+00,0.0000000000000000e+00,,,,0,0
962,197,1,"ΔΙΑΜΑΝΤΗΣ-ΜΑΣΟΥΤΗΣ Α.Ε",,,"ΕΛΛΑΔΑ","ΠΙΕΡΙΑΣ","ΚΑΤΕΡΙΝΗ",,"2 ΧΛΜ ΚΑΤΕΡΙΝΗΣ-ΛΑΡΙΣΑ","2351046131",,,"2351046133",,"Μη εγκεκριμένος",,,0.0000000000000000e+00,0.0000000000000000e+00,0.0000000000000000e+00,0.0000000000000000e+00,,,,0,0
963,198,1,"ΑΥΓΟΔΙΑΤΡΟΦΙΚΗ Α.Ε",,,"ΕΛΛΑΔΑ","ΚΙΛΚΙΣ",,,"ΝΕΑ ΣΑΝΤΑ ΚΙΛΙΚΙΣ",,,"2341066010","2341066014",,"Μη εγκεκριμένος",,,0.0000000000000000e+00,0.0000000000000000e+00,0.0000000000000000e+00,0.0000000000000000e+00,,,,0,0
964,199,1,"ΤΡΟΦΟ",,,"ΕΛΛΑΔΑ","ΘΕΣΣΑΛΟΝΚΗΣ",,"ΝΕΟΧΩΡΟΥΔΑΣ",,,,,,,"Μη εγκεκριμένος",,,0.0000000000000000e+00,0.0000000000000000e+00,0.0000000000000000e+00,0.0000000000000000e+00,,,,0,0
965,200,1,"ΠΕΡΜΑΝΘΟΥΛΗΣ Ε.Π.Ε",,,"ΕΛΛΑΔΑ","ΗΜΑΘΕΙΑΣ",,"ΑΡΑΧΟΣ",,"2333064633",,,,,"Μη εγκεκριμένος",,,0.0000000000000000e+00,0.0000000000000000e+00,0.0000000000000000e+00,0.0000000000000000e+00,,,,0,0
966,201,1,"HELLENIC QUALITY FOODS",,,"ΕΛΛΑΔΑ","ATTIKHΣ",,"ΜΑΓΟΥΛΑ ΑΤΤΙΚΗΣ","ΛΕΩΦ. ΓΕΩΡΓΙΟΥ ΓΕΝΝΗΜΑΤΑ","2106161500",,,"2106161599",,"Μη εγκεκριμένος",,,0.0000000000000000e+00,0.0000000000000000e+00,0.0000000000000000e+00,0.0000000000000000e+00,,,,0,0
967,218,1,"ΦΑΛΚΟΝ",,,"ΕΛΛΑΔΑ",,,,,,,,,,"Μη εγκεκριμένος",,,0.0000000000000000e+00,0.0000000000000000e+00,0.0000000000000000e+00,0.0000000000000000e+00,,,,0,0
968,216,1,"ΠΟΛΥΠΑΝ",,,"ΕΛΛΑΔΑ",,,,,,,,,,"Μη εγκεκριμένος",,,0.0000000000000000e+00,0.0000000000000000e+00,0.0000000000000000e+00,0.0000000000000000e+00,,,,0,0
969,12,2,"ΜΕΓΑΛΟΥ ΑΛΕΞΑΝΔΡΟΥ",,,"ΕΛΛΑΔΑ","ΠΙΕΡΙΑΣ","ΚΑΤΕΡΙΝΗ",,,,,,,,"Μη εγκεκριμένος",,,0.0000000000000000e+00,0.0000000000000000e+00,0.0000000000000000e+00,0.0000000000000000e+00,,,,0,0
970,1051,6,"ΦΑΡΜΑΚΗΣ",,,"ΕΛΛΑΔΑ",,,,,,,,,,"Μη εγκεκριμένος",,,0.0000000000000000e+00,0.0000000000000000e+00,0.0000000000000000e+00,0.0000000000000000e+00,,,,0,0
971,202,1,"ΜΥΛΟΙ ΘΡΑΚΗΣ Ι.ΟΥΖΟΥΝΟΠΟΥΛΟΣ",,,"ΕΛΛΑΔΑ",,"ΑΛΕΞΑΝΔΡΟΥΠΟΛΗ",,,,,,,,"Μη εγκεκριμένος",,,0.0000000000000000e+00,0.0000000000000000e+00,0.0000000000000000e+00,0.0000000000000000e+00,,,,0,0
972,203,1,"SEFCO ZEELANDIA",,,"ΕΛΛΑΔΑ",,,,,,,,,,"Μη εγκεκριμένος",,,0.0000000000000000e+00,0.0000000000000000e+00,0.0000000000000000e+00,0.0000000000000000e+00,,,,0,0
973,177,1,"ΟΛΥΜΠΙΑΚΗ ΠΑΡΑΔΟΣΗ",,,"ΕΛΛΑΔΑ","ΠΙΕΡΙΑΣ",,,"3ΧΛΜ ΠΕΟ ΚΑΤΕΡΙΝΗΣ-ΘΕΣ/ΝΙΚΗΣ","2351042619",,,,,"Μη εγκεκριμένος",,,0.0000000000000000e+00,0.0000000000000000e+00,0.0000000000000000e+00,0.0000000000000000e+00,,,,0,0
974,204,1,"ΑΜΟΙΡΙΔΗΣ Α. ΠΑΝΑΓΙΩΤΗΣ",,,"ΕΛΛΑΔΑ","ΠΙΕΡΙΑΣ",,,"ΕΠ.ΟΔΟΣ ΚΑΤΕΡΙΝΗΣ-Π. ΚΕΡΑΜΙΔΙΟΥ",,,"2351039453",,,"Μη εγκεκριμένος",,,0.0000000000000000e+00,0.0000000000000000e+00,0.0000000000000000e+00,0.0000000000000000e+00,,,,0,0
975,205,1,"ΜΟΤΣΙΟΠΟΥΛΟΣ -ΠΑΠΑΔΟΠΟΥΛΟΣ ΑΒΕΕ","ΕΥΓΕ",,"ΕΛΛΑΔΑ","ΒΕΡΟΙΑΣ","ΒΕΡΟΙΑ","ΕΓΝΑΤΙΑ ΟΔΟΣ","11ΧΛΜ ΒΕΡΟΙΑΣ-ΘΕΣ/ΝΙΚΗΣ ΕΓΝΑΤΙΑ ΟΔΟΣ ΒΕΡΟΙΑ","2331097032",,,"2331097333",,"Μη εγκεκριμένος",,,0.0000000000000000e+00,0.0000000000000000e+00,0.0000000000000000e+00,0.0000000000000000e+00,,,,0,0
976,206,1,"GRANTE CAPITAL GROUP E.Π.Ε",,,"ΕΛΛΑΔΑ","ΘΕΣΣΑΛΟΝΙΚΗΣ","ΘΕΣΣΑΛΟΝΙΚΗ",,"ΠΟΝΤΟΥ 62",,,"2310778802","2310754778",,"Μη εγκεκριμένος",,,0.0000000000000000e+00,0.0000000000000000e+00,0.0000000000000000e+00,0.0000000000000000e+00,,,,0,0
977,207,1,"ΓΕΩΡΓΙΟΣ ΚΩΝ. ΓΑΛΗΣ",,,"ΕΛΛΑΔΑ","ΘΕΣΣΑΛΟΝΙΚΗΣ","ΘΕΣΣΑΛΟΝΙΚΗ","Ν. ΜΑΓΝΗΣΙΑ","ΠΡΟΕΚΤΑΣΗ ΑΡΙΣΤΟΤΕΛΟΥΣ 48","2310668239",,,,,"Μη εγκεκριμένος",,,0.0000000000000000e+00,0.0000000000000000e+00,0.0000000000000000e+00,0.0000000000000000e+00,,,,0,0
978,208,1,"ΣΑΛΟΝΙΚΙΑ",,,"ΕΛΛΑΔΑ","ΘΕΣΣΑΛΟΝΙΚΗΣ",,,"12ΧΛΜ ΠΕ.Ο ΘΕΣ/ΝΙΚΗΣ-ΚΙΛΚΙΣ","2310782202",,,,,"Μη εγκεκριμένος",,,0.0000000000000000e+00,0.0000000000000000e+00,0.0000000000000000e+00,0.0000000000000000e+00,,,,0,0
979,209,1,"ΦΑΒΑΣ ΔΗΜΗΤΡΙΟΣ",,,"ΕΛΛΑΔΑ",,,,"ΚΡΥΟΒΡΥΣΗ ΠΛΑΤΑΝΙΑΣ","2732044446",,,,,"Μη εγκεκριμένος",,,0.0000000000000000e+00,0.0000000000000000e+00,0.0000000000000000e+00,0.0000000000000000e+00,,,,0,0
980,210,1,"ΑΓΝΟ Α.Ε",,,"ΕΛΛΑΔΑ","ΘΕΣΣΑΛΟΝΙΚΗΣ",,,"14ο ΧΛΜ ΘΕΣ/ΝΙΚΗΣ-ΛΑΓΚΑΔΑ","2394029100",,,"2394029127",,"Μη εγκεκριμένος",,,0.0000000000000000e+00,0.0000000000000000e+00,0.0000000000000000e+00,0.0000000000000000e+00,,,,0,0
981,211,1,"ΒΑΣΙΛΕΙΑΔΗΣ ΤΡ. ΠΑΝΑΓΙΩΤHΣ",,,"ΕΛΛΑΔΑ","ΠΙΕΡΙΑΣ",,,"ΣΥΜΒΟΛΗ ΠΕΡ. ΚΑΤΕΡΙΝΗΣ-ΘΕΣ/ΝΙΚΗΣ","2351036141","2351077490",,,,"Μη εγκεκριμένος",,,0.0000000000000000e+00,0.0000000000000000e+00,0.0000000000000000e+00,0.0000000000000000e+00,,,,0,0
982,212,1,"ΚΥΛΙΝΔΡ. Κ ΣΑΡΑΝΤΟΠΟΥΛΟΣ Α.Ε",,,"ΕΛΛΑΔΑ","ΑΤΤΙΚΗΣ",,"ΚΕΡΑΤΣΙΝΙ","ΛΕΩΦΟΡΟΣ ΔΗΜΟΚΚΡΑΤΙΑΣ 3","2104009696",,,"2104009888",,"Μη εγκεκριμένος",,,0.0000000000000000e+00,0.0000000000000000e+00,0.0000000000000000e+00,0.0000000000000000e+00,,,,0,0
983,217,1,"ΕΥΓΕ",,,"ΕΛΛΑΔΑ",,,,,,,,,,"Μη εγκεκριμένος",,,0.0000000000000000e+00,0.0000000000000000e+00,0.0000000000000000e+00,0.0000000000000000e+00,,,,0,0
984,213,1,"ΦΑΡΜΑ ΦΩΤΙΑΔΗ ΑΒΕΚΕ",,,"ΕΛΛΑΔΑ",,,,"ΕΞΟΧΗ ΠΙΕΡΙΑΣ","2351095777","2351095702",,"2351095703",,"Μη εγκεκριμένος",,,0.0000000000000000e+00,0.0000000000000000e+00,0.0000000000000000e+00,0.0000000000000000e+00,,,,0,0
985,214,1,"ΚΟΛΙΟΣ Α.Ε",,,"ΕΛΛΑΔΑ",,,"14ΧΛΜ ΘΕΣΣΑΛΟΝΙΚΗΣ-ΛΑΓΚΑΔΑ",,,"2394029040-9","2394029170","2394029004-9",,"Μη εγκεκριμένος",,,0.0000000000000000e+00,0.0000000000000000e+00,0.0000000000000000e+00,0.0000000000000000e+00,,,,0,0
986,215,1,"ΓΑΛΗΣ",,"ΓΙΩΡΓΟΣ-ΣΤΕΛΙΟΣ","ΕΛΛΑΔΑ",,,,,,,,,,"Μη εγκεκριμένος",,,0.0000000000000000e+00,0.0000000000000000e+00,0.0000000000000000e+00,0.0000000000000000e+00,,,,0,0
987,219,1,"ΒΙΟΔΟΜΗ Α.Ε.",,,"ΕΛΛΑΔΑ","ΠΙΕΡΙΑΣ",,"ΚΟΥΚΟΣ",,,,,,,"Μη εγκεκριμένος",,,0.0000000000000000e+00,0.0000000000000000e+00,0.0000000000000000e+00,0.0000000000000000e+00,,,,0,0
988,0,1,"ΜΠΟΥΡΝΟΥΚΑΣ ΣΠΥΡΟΣ","ΙΔΙΟΣ",,"ΕΛΛΑΔΑ",,"ΚΑΤΕΡΙΝΗ","ΠΑΡΑΛΙΑ",,"2351078718",,,,,"Μη εγκεκριμένος",,,0.0000000000000000e+00,0.0000000000000000e+00,0.0000000000000000e+00,0.0000000000000000e+00,,,,0,0
989,220,1,"ΑΦΟΙ ΓΡΗΓΟΡΙΟΥ ΚΑΡΑΜΗΤΡΟΥ Ο.Ε.",,,"ΕΛΛΑΔΑ","ΠΙΕΡΙΑΣ",,,"ΔΙΟΝ ΠΙΕΡΙΑΣ","2351053374","2351032988",,,,"Μη εγκεκριμένος",,,0.0000000000000000e+00,0.0000000000000000e+00,0.0000000000000000e+00,0.0000000000000000e+00,,,,0,0
990,221,1,"ΠΕΛΛΑΣ ΚΙΜΩΝ &ΣΙΑ Ο.Ε.",,,"ΕΛΛΑΔΑ","ΠΙΕΡΙΑΣ",,"ΚΟΛΙΝΔΡΟΣ",,"2353031893",,,,,"Μη εγκεκριμένος",,,0.0000000000000000e+00,0.0000000000000000e+00,0.0000000000000000e+00,0.0000000000000000e+00,,,,0,0
991,222,1,"ΒΙΟΥΓΕΙΑ ΕΠΕ",,,"ΕΛΛΑΔΑ","ΑΤΤΙΚΗΣ",,,"ΑΡΓΥΡΟΠΟΛΕΩΣ 5","2106215160","2106215600",,"2102823379",,"Μη εγκεκριμένος",,,0.0000000000000000e+00,0.0000000000000000e+00,0.0000000000000000e+00,0.0000000000000000e+00,,,,0,0
992,223,1,"ΚΟΡΦΗ",,,"ΕΛΛΑΔΑ","ΠΙΕΡΙΑΣ",,,"ΚΑΤΩ ΑΓΙ.ΙΩΑΝΝΗΣ ΠΙΕΡΙΑΣ","2351091696",,,"2351091767",,"Μη εγκεκριμένος",,,0.0000000000000000e+00,0.0000000000000000e+00,0.0000000000000000e+00,0.0000000000000000e+00,,,,0,0
993,224,1,"GREGO GREEK GOLD FRUITS",,,"ΕΛΛΑΔΑ","ΓΙΑΝΝΙΤΣΩΝ","ΓΙΑΝΝΙΤΣΑ","ΚΡΥΑ ΒΡΥΣΗ","Β.ΠΑΥΛΟΥ 2","2382500996",,,"2382063827",,"Μη εγκεκριμένος",,,0.0000000000000000e+00,0.0000000000000000e+00,0.0000000000000000e+00,0.0000000000000000e+00,,,,0,0
994,225,1,"ΜΠΟΥΖΑΣ Δ-Ι ΣΑΡΡΗΣ Ο.Ε.",,,"ΕΛΛΑΔΑ","ΠΙΕΡΙΑΣ",,,"ΑΥΓΟΥΣΤΙΝΟΥ 1","6984901974","6973357691",,,,"Μη εγκεκριμένος",,,0.0000000000000000e+00,0.0000000000000000e+00,0.0000000000000000e+00,0.0000000000000000e+00,,,,0,0
995,13,2,"ΛΙΤΟΧΩΡΟ",,,"ΕΛΛΑΔΑ",,,,,,,,,,"Μη εγκεκριμένος",,,0.0000000000000000e+00,0.0000000000000000e+00,0.0000000000000000e+00,0.0000000000000000e+00,,,,0,0
