IDCompositionDescription,CompositionDescription,CompositionDescriptionEnglish,CDFrench,CDItalian,CDSpanish,CDDeutch,CDPortugese,CDSwedish,CDAlbanian,CDRussian,CDSerbian
1,"ΝΕΡΟ","WATER","L'EAU","ACQUA","AGUA","WASSER","ÁGUA","VATTEN","uje",,"voda"
2,"ΑΛΕΥΡΙ ΣΙΤΟΥ","WHEAT FLOUR","FARINE","FARINA","HARINA","MEHL","FARINHA","MJ'O'L","MIELL",,"bra{no"
3,"ΑΜΥΛΟ","STARCH","AMIDON","AMIDO","ALMIDÓN","STÄRKE","STARCH",,"AMIDON",,"skrob"
4,"ΖΑΧΑΡΗ","SUGAR","SUCRE","ZUCCHERO","AZÚCAR","ZUCKER","AÇÚCAR","SOCKER","sheqer",,"{eker"
5,"ΑΜΥΛΟΣΙΡΟΠΙΟ","GLUCOSE SYRUP","SIROP DE GLUCOSE","SCIROPPO DEL GLUCOSIO","JARABE DE LA GLUCOSA","GLUKOSE-SIRUP","SYRUP DO GLUCOSE","ST'A'RKELSIRAP","shurup nishesteje",,"glikozen sirup"
6,"ΙΜΒΕΡΤΟΖΑΧΑΡΟ","INVERT SUGAR","SUCRE INVERTI","ZUCCHERO INVERTITO","AZÚCAR INVERTIDA","INVERTZUCKER","AÇÚCAR INVERT",,,,"inverten {eker"
8,"ΜΕΛΙ","HONEY","MIEL","MIELE","MIEL","HONIG","MEL","HONUNG","MJALTE",,"med"
9,"ΣΟΡΒΙΤΟΛΗ","SORBITOL","SORBITOL","SORBITOLO","SORBITOL","SORBIT","SORBITOL","SORBETOL","SORBITOL",,"sorbitol"
10,"ΣΤΑΦΙΔΙΝΗ","RAISIN SYRUP","SIROP DE RAISIN SEC","SCIROPPO DELL'UVA PASSA","JARABE DE LA PASA","ROSINE-SIRUP","SYRUP DO RAISIN","RUSSIN","stafidha",,"grozdov sirup"
11,"ΦΡΟΥΚΤΟΖΗ","FRUCTOSE","FRUCTOSE","FRUTTOSIO","FRUCTOSA","FRUCHTZUCKER","FRUCTOSE","FRUCTOS","fruktose",,"fruktoza"
12,"ΔΕΞΤΡΟΖΗ","DEXTROSE","DEXTROSE","DESTROSIO","DEXTROSA","TRAUBENZUCKER","DEXTROSE",,"dextrose",,"dekstroza"
13,"ΑΣΠΑΡΤΑΜΗ","ASPARTAME","ASPARTAME","ASPARTAME","ASPARTAME","ASPARTAM","ASPARTAME",,"ASPARTAME",,"aspartam"
14,"ΜΑΛΤΙΤΟΛΗ","MALTITOL","MALTITOL","MALTITOLO","MALTITOL","MALTITOL","MALTITOL",,"MALTITOL",,"malitol"
15,"ΓΛΥΚΑΝΤΙΚΟ:ΑΚΕΣΟΥΛΦΑΜΗ","ACESULFAM","ACESULFAM","ACESULFAM","ACESULFAM","ACESULFAM","ACESULFAM","ACESULFAM",,,"acesulfam"
16,"ΙΣΟΜΑΛΤΙΤΟΛΗ","ISOMALT","ISOMALT","ISOMALT","ISOMALT","ISOMALT","ISOMALT","ISOMALT","ISOMALT",,"izomalt"
17,"ΞΥΛΙΤΟΛΗ","XYLITOL","XYLITOL","XILITOLO","XYLITOL","XYLITOL","XYLITOL",,"XYLITOL",,"ksilitol"
18,"ΝΕΟΕΣΠΕΡΙΔΙΝΗ","NEOESPERIDINE","NEOESPERIDINE","NEOESPERIDINE","NEOESPERIDINE","NEOESPERIDINE","NEOESPERIDINE",,"NEOESPERIDINE",,"neoespedrin"
19,"ΜΑΝΙΤΟΛΗ","MANITOL","MANITOL","MANITOL","MANITOL","MANITOL","MANITOL",,"MANITOL",,"manitol"
20,"ΜΑΛΤΟΔΕΞΤΡΙΝΗ","MALTODEXTRINE","MALTODEXTRINE","MALTODEXTRINE","MALTODEXTRINE","MALTODEXTRINE","MALTODEXTRINE",,"MALTIDEXTRINE",,"maltodekstrin"
22,"ΦΥΤΙΚΑ ΛΙΠΑΡΑ","VEGETABLE OILS","HUILES VÉGÉTALES","OLI VEGETALI","ACEITES VEGETALES","PFLANZENÖLE","ÓLEOS VEGETAIS","VEGETABILISK FET","yndyrna vegetale",,"rastitelni masla"
23,"ΒΟΥΤΥΡΟ","BUTTER","BEURRE","BURRO","MANTEQUILLA","BUTTER","MANTEIGA","SM'O'R","GJALPE",,"puter"
24,"ΚΑΡΥΔΑ","COCONUT","NOIX DE COCO","NOCE DI COCCO","COCO","KOKOSNUSS","COCO",,"ARRE",,"kokos"
25,"ΚΑΡΥΔΙ","WALNUT","NOIX","NOCE","NUEZ","WALNUSS","NOZ","VALLNOTTER","ARRE KOKOSI",,"orev"
26,"ΑΜΥΓΔΑΛΟ","ALMONDS","AMANDES","MANDORLE","ALMENDRAS","MANDELN","AMÊNDOAS","MANDEL","bajame",,"Bademi"
27,"ΦΥΣΤΙΚΙ","PEANUTS","ARACHIDES","ARACHIDI","CACAHUETES","ERDNÜSSE","AMENDOINS","JORDN'O'T","kikirike",,"kikiriki"
30,"ΔΑΜΑΣΚΗΝΑ","DAMSON","QUETSCHE","SUSINA SELVATICA","CIRUELA DAMASCENA","DAMASZENERPFLAUME","DAMSON",,,,"modra sliva"
31,"ΒΕΡΥΚΟΚΑ","APRICOT","ABRICOT","ALBICOCCA","ALBARICOQUE","APRIKOSE","ALPERCE",,"KAJSI",,"kajsija"
33,"ΣΥΚΑ","FIGS","Figues","Figs","Higos","Feigen","Figs","FIKON","fiq",,"smokvi"
34,"ΦΟΥΝΤΟΥΚΙΑ","NUTS","ÉCROUS","DADI","TUERCAS","NÜSSE","PORCAS","HASSELN'O'T","paste lajthie",,"orev"
35,"ΗΛΙΟΣΠΟΡΟΣ","SUNFLOWER SEED","GRAINE DE TOURNESOL","SEME DI GIRASOLE","SEMILLA DE GIRASOL","SONNENBLUMENSAMEN","SEMENTE DE SUNFLOWER",,"LULE DI ELLI",,"son~ogledovo seme"
36,"ΑΡΩΜΑΤΑ","FLAVOURS","SAVEURS","SAPORI","SABORES","AROMEN","SABORES","AROMAMNE","aroma",,"aromi"
37,"ΚΑΚΑΟ","COCOA","CACAO","CACAO","CACAO","KAKAO","CACAU","KAKAO","KAKAO",,"kakao"
38,"ΣΟΚΟΛΑΤΑ","CHOCOLATE","CHOCOLAT","CIOCCOLATO","CHOCOLATE","SCHOKOLADE","CHOCOLATE","CHOKLAND","COKOLLATE",,"~okolado"
39,"ΑΠΟΜΙΜΗΣΗ ΣΟΚΟΛΑΤΑΣ","CHOCOLATE IMITATION","IMITATION DE CHOCOLAT","IMITAZIONE DEL CIOCCOLATO","IMITACIÓN DEL CHOCOLATE","SCHOKOLADE NACHAHMUNG","IMITATION DO CHOCOLATE","CHOKLAND IMMITATION",,,"imitacija od ~okolado"
40,"ΠΡΑΛΙΝΑ ΦΟΥΝΤΟΥΚΙΟΥ","NUT PRALINE","PRALINE D'ÉCROU","PRALINA DEL DADO","ALMENDRA GARAPIÑADA DE LA TUERCA","NUSS-PRALINE","PRALINE DA PORCA",,"paste lajthie",,
44,"ΒΟΥΤΥΡΟ ΚΑΚΑΟ","COCOA BUTTER","LE BEURRE DE CACAO","BURRO DI CACAO","MANTECA DE CACAO","KAKAO-BUTTER","MANTEIGA DE CACAU",,"GJALPE KAKAO",,"puter od kakao"
45,"ΓΑΛΑ","MILK","LAIT","LATTE","LECHE","MILCH","LEITE","MJOLK","qumesht",,"mleko"
46,"ΓΙΑΟΥΡΤΙ","YOGHURT","YAOURT","YOGURT","YOGUR","JOGHURT","YOGHURT","YOGURT","kos",,"jogurt"
47,"ΓΑΛΑ ΣΥΜΠΥΚΝΩΜΕΝΟ","MILK CONDENSED","LAIT CONDENSÉ","LATTE CONDENSATO","LECHE CONDENSADA","MILCH KONDENSIERT","LEITE CONDENSADO",,"qumesht I MPIKSUR",,"koncentrirano mleko"
48,"ΓΑΛΑ ΣΚΟΝΗ 1%","SKIM MILK POWDER","LAIT ÉCRÉMÉ EN POUDRE","LATTE SCREMATO IN POLVERE","POLVO DE LECHE DESNATADA","MAGERMILCHPULVER","PÓ DE LEITE DO SKIM","MJ'O'LKPULVER 1%","qumesht pluhur 1%",,"obezmasteno mleko vo prav"
49,"ΓΑΛΑ ΣΚΟΝΗ 26%","WHOLE MILK POWDER","LAIT ENTIER EN POUDRE","DI LATTE INTERO IN POLVERE","POLVO DE LECHE ENTERA","VOLLMILCH-PUDER","PÓ DE LEITE INTEIRO","MJ'O'LKPULVER 26%","qumesht pluhur 26%",,"polnomasno mleko vo prav"
50,"ΓΑΛΑΚΤΟΣ ΚΡΕΜΑ","MILK CREAM","CRÈME DE LAIT","CREMA DEL LATTE","CREMA DE LA LECHE","MILCH-CREME","CREME DO LEITE","GR'A'DDE","KREME qumesht",,"mle~en krem"
51,"ΓΑΛΑΚΤΟΣ ΟΡΟΣ","MILK WHEY","PETIT LAIT DE LAIT","SIERO DI LATTE DEL LATTE","SUERO DE LA LECHE","MILCH-MOLKE","WHEY DO LEITE",,"HIRRE qumesht",,"surutka"
52,"ΓΑΛΑΚΤΟΣ ΠΡΩΤΕΙΝΕΣ","MILK PROTEINS","PROTÉINES DU LAIT","PROTEINE DEL LATTE","PROTEÍNAS DE LECHE","MILCHPROTEINE","PROTEÍNAS DE LEITE",,"PROTEINA qumeshti",,"mle~ni proteini"
53,"ΑΥΓO","EGG","OEUF","UOVO","HUEVO","EI","OVO"," 'A'GG","VEZE",,"jajca"
54,"ΠΟΡΤΟΚΑΛΙΑ","ORANGE","ORANGE","ARANCIONE","ANARANJADO","ORANGE","ALARANJADO",,"PORTOKALL",,"portokal"
55,"ΛΕΜΟΝΙΑ","LEMON","CITRON","LIMONE","LIMÓN","ZITRONE","LIMÃO",,"LIMON",,"limon"
56,"ΑΥΓΟΥ ΑΛΒΟΥΜΙΝΗ","EGG ALBUMIN","OVALBUMINE","ALBUME","ALBÚMINA","EIALBUMIN","ALBUMINA DE OVO",,"ALBUMINE",,"belka od jajce"
57,"ΑΥΓΟΥ ΚΡΟΚΟΣ","EGG YOLK","JAUNE D'OEUF","TUORLO D'UOVO","YEMA DE HUEVO","EIDOTTER","YOLK DE OVO",,,,"`ol~ka od jajce"
58,"BAKING POWDER","BAKING POWDER","LEVAIN EN POUDRE","LIEVITO","LEVADURA EN POLVO","BACKPULVER","PÓ DE BAKING","BAKPULVER",,,"pra{ok za pecivo"
59,"ΣΟΔΑ","SODA","SOUDE","SODA","SODA","SODA","SODA","SODA","SODE",,"soda"
60,"ΔΙΟΓΚΩΤΙΚΟ:ΑΜΜΩΝΙΑ","AMMONIA","AMMONIAQUE","AMMONIACA","AMONÍACO","AMMONIAK","AMÔNIA","AMMONIAK","AMONJAK",,"amonijak"
61,"ΑΛΑΤΙ","SALT","SEL","SALE","SAL","SALZ","SAL","SALT","kripe",,"sol"
62,"ΜΕΣΟ ΟΞΙΝΙΣΗΣ:ΚΙΤΡΙΚΟ ΟΞΥ","CITRIC ACID","ACIDE CITRIQUE","ACIDO CITRICO","ÁCIDO CÍTRICO","ZITRONENSÄURE","ÁCIDO CITRIC","CITRONSYRA","ACID KITRIK",,"limonska kiselina"
63,"Συντηρητικό ΣΟΡΒΙΚΟ ΚΑΛΙΟ","Preservative SODIUM SORBATE","SORBATE de SODIUM Préservatif","SORBATO del SODIO Preservativo","SORBATE Preservativo del SODIO","Konservierendes NATRIUMSORBAT","SORBATE Preservativo do SODIUM","KALIUM SORBAT",,,"natrium sorbat"
64,"ΑΝΘΡΑΚΙΚΟ ΑΣΒΕΣΤΙΟ","CALCIUM BICARBONATE","BICARBONATE DE CALCIUM","BICARBONATO DEL CALCIO","BICARBONATO DEL CALCIO","KALZIUMBICARBONAT","BICARBONATO DO CÁLCIO",,,,"kalcium bikarbonat"
65,"ΜΟΝΟΓΛΥΚΕΡΙΔΙΑ","MONOGLYCERIDES","MONOGLYCÉRIDES","MONOGLICERIDI","MONOGLICÉRIDOS","MONOGLYZERIDE","MONOGLYCERIDES",,,,"monogliceridi"
66,"ΜΑΓΙΑ","YEAST","LEVURE","LIEVITO","LEVADURA","HEFE","FERMENTO",,"MAJA",,"kvasec"
67,"ΛΕΚΙΘΙΝΗ","LECITHIN","LÉCITHINE","LECITINA","LECITINA","LEZITHIN","LECITHIN",,,,"lecitin"
68,"ΚΟΜΜΙ ΞΑΝΘΑΝ","XANTHAN GUM","GOMME DE XANTHANE","GOMMA DEL XANTANO","GOMA DEL XANTHAN","XANTHAN-GUMMI","GUM DO XANTHAN",,"KOM XANTHAN",,"ksantan gam"
69,"ΚΟΜΜΙ ΓΚΟΥΑΡ","GUAR GUM","GOMME DE GUAR","GOMMA DEL GUAR","GOMA DEL GUAR","GUAR-GUMMI","GUM DO GUAR",,"KOM GUAR",,"guar gam"
70,"ΚΟΜΜΙ ΑΡΑΒΙΚΟ","GUM ARABIC","GOMME ARABIQUE","GOMMA ARABICA","ÁRABE DE LA GOMA","GUMMIARABIKUM","ÁRABE DO GUM",,"KOM ARABIK",,"gumarabika"
71,"ΖΑΧΑΡΟΠΗΚΤΑ ΦΡΟΥΤΑ","SUGARED FRUITS","FRUITS SUCRÉS","FRUTTE ZUCCHERATE","FRUTAS AZUCARADAS","GEZUCKERTE FRÜCHTE","FRUTAS SUGARED","FRUKTKOPMOTT",,,"kandirano ovo{je"
72,"ΜΑΡΜΕΛΑΔΑ","JAM","CONFITURE","INCEPPAMENTO","ATASCO","STAU","ATOLAMENTO","MARMELAD","MARMALATE FTOI",,"xem"
76,"ΜΗΛΟ ΖΕΛΕ","APPLE GEL","GEL DE APPLE","GEL DEL APPLE","GEL DE APPLE","APPLE GEL","GEL DE APPLE",,,,"`ele od jabolko"
80,"ΤΑΧΙΝΙ","SESAME PASTE","PÂTE DE SÉSAME","COLLA DEL SESAMO","GOMA DEL SÉSAMO","SESAM-PASTE","PASTA DO SESAME",,,,"pire od susam"
81,"ΑΜΥΓΔΑΛΟΠΑΣΤΑ","ALMOND PASTE","PÂTE D'AMANDE","COLLA DELLA MANDORLA","GOMA DE LA ALMENDRA","MANDEL-PASTE","PASTA DA AMÊNDOA",,"paste bajame",,"pire od badem"
82,"BRANDY","BRANDY","EAU-DE-VIE FINE","BRANDY","BRANDY","WEINBRAND","CONHAQUE",,,,"brendi"
83,"ΦΥΛΛΟ ΚΡΟΥΣΤΑΣ","PAF PASTRY SHEET","FEUILLE DE PÂTISSERIE DE PAF","FOGLIO DELLA PASTICCERIA DI PAF","HOJA DE LOS PASTELES DE PAF","PAF GEBÄCK-BLATT","FOLHA DO PASTRY DE PAF","SKORPALAGER",,,"lisnato testo"
84,"ΦΡΥΓΑΝΙΑ","RUSK","BISCOTTE","FETTA BISCOTTATA","BIZCOCHO TOSTADO","ZWIEBACK","RUSK","ROSTATBR'O'D",,,"dvopek"
146,"ΛΟΥΚΟΥΜΙ","TURKISH DELIGHT","PLAISIR TURC","PIACERE TURCO","PLACER TURCO","TÜRKISCHE FREUDE","PRAZER TURKISH",,,,"lokum"
150,"ΚΑΦΕΣ","COFFEE","CAFÉ","CAFFÈ","CAFÉ","KAFFEE","CAFÉ",,,,
151,"ΧΥΜΟΣ ΦΡΟΥΤΩΝ","FRUIT JUICE","JUS DE FRUIT","SUCCO DI FRUTTA","ZUMO DE FRUTA","FRUCHTSAFT","SUCO DE FRUTA","FRUCTSAFT",,,
152,"ΑΒΟΚΑΝΤΟ","AVOCADO","AVOCAT","AVOCADO","AGUACATE","AVOCADO","ABACATE",,,,
163,"ΑΡΝΙ ΜΠΟΥΤΙ","LAMB","AGNEAU","AGNELLO","CORDERO","LAMM","CORDEIRO",,,,
166,"ΑΥΓΑ ΟΡΤΥΚΙΟΥ","EGG, QUAIL","OEUF, CAILLE","UOVO, QUAGLIA","HUEVO, CODORNIZ","EI, WACHTEL","OVO, CODORNIZ",,,,
168,"ΑΥΓΑ ΧΗΝΑΣ","EGG, GOOSE","OEUF, OIE","UOVO, OCA","HUEVO, GANSO","EI, GANS","OVO, GANSO",,,,
170,"ΑΥΓΟ ΠΑΠΙΑΣ","EGG, DUCK","OEUF, CANARD","UOVO, ANATRA","HUEVO, PATO","EI, ENTE","OVO, PATO",,,,
177,"ΑΧΛΑΔΙΑ","PEAR","POIRE","PERA","PERA","BIRNE","PERA",,,,
178,"ΒΑΝΙΛΙΑ ΕΚΧΥΛΙΣΜΑ","VANILLA EXTRACT","EXTRAIT DE VANILLE","ESTRATTO DELLA VANIGLIA","EXTRACTO DE LA VAINILLA","VANILLE-EXTRAKT","EXTRATO DO VANILLA",,,,
179,"ΒΑΤΟΜΟΥΡΑ","BLACKBERRY","MÛRE","MORA","ZARZAMORA","BROMBEERE","AMORA",,,,
182,"ΒΡΩΜΗ","OAT","AVOINE","AVENA","AVENA","HAFER","AVEIA",,,,
184,"ΒΥΣΣΙΝΑ","SOUR CHERRY","GRIOTTE","AMARENA","CEREZA AMARGA","SAUERKIRSCHE","CEREJA SOUR",,,,
187,"ΓΑΛΑ ΚΑΤΣΙΚΑΣ","GOAT MILK","LAIT DE CHÈVRE","LATTE DELLA CAPRA","LECHE DE LA CABRA","ZIEGE-MILCH","LEITE DA CABRA",,,,
188,"ΓΑΛΑ ΠΡΟΒΑΤΟΥ","SHEEP MILK","LAIT DE MOUTONS","LATTE DELLE PECORE","LECHE DE LAS OVEJAS","SCHAF-MILCH","LEITE DOS CARNEIROS",,,,
189,"ΓΑΛΟΠΟΥΛΑ","TURKEY","DENDE",,,,,,,,
193,"ΓΛΟΥΤΕΝΗ","GLUTEN","GLUTEN","GLUTINE","GLUTEN","GLUTEN","GLUTEN",,,,
194,"ΓΛΥΚΑΝΙΣΟΣ ΣΠΟΡΟΙ","ANISE SEEDS","GRAINES D'ANIS","SEMI DELL'ANICE","SEMILLAS DEL ANÍS","ANIS-SAMEN","SEMENTES DO ANIS",,,,
195,"ΓΛΥΚΟΠΑΤΑΤΑ","YAM","IGNAME DE CHINE","IGNAME","ÑAME","YAMSWURZEL","YAM",,,,
197,"ΕΛΑΙΟΛΑΔΟ","OLIVE OIL","HUILE D'OLIVE","OLIO DI OLIVA","ACEITE DE OLIVA","OLIVENÖL","ÓLEO VERDE-OLIVA",,,,
198,"ΖΑΜΠΟΝ","HAM","JAMBON","PROSCIUTTO","JAMÓN","SCHINKEN","PRESUNTO",,,,
201,"ΖΑΧΑΡΗ ΚΑΦΕ","CANE SUGAR","SUCRE DE CANNE","ZUCCHERO DI CANNA","AZÚCAR DE BASTÓN","ROHRZUCKER","AÇÚCAR DE BASTÃO",,,,
205,"ΚΕΡΑΣΙΑ","CERISE","CERISE","CERISE","CERISE","CERISE","CERISE",,,,
206,"ΚΡΑΜΒΗ","CRAMBE","CRAMBE","CRAMBE","CRAMBE","MEERKOHL","CRAMBE",,,,
208,"ΛΟΥΚΑΝΙΚΑ ΒΡΑΣΤΑ","SAUSAGE","SAUCISSE","SALSICCIA","SALCHICHA","WURST","SAUSAGE",,,,
213,"ΜΑΚΑΡΟΝΙΑ","MACARONI","MACARONIS","MACCHERONI","MACARRONES","MAKKARONI","MACARRÃO",,,,
214,"ΜΑΝΓΚΟΣ","MANGOS","MANGUES","MANGHI","MANGOS","MANGOPFLAUMEN","MANGOS",,,,
216,"ΜΑΝΙΤΑΡΙΑ","MUSHROOM","CHAMPIGNON","FUNGO","SETA","PILZ","COGUMELO",,,,
218,"ΜΑΡΑΣΚΙΝΟ","MARASCHINO","MARASCHINO","MARASCHINO","MARASCHINO","MARASCHINO","MARASCHINO",,,,
222,"ΜΕΛΑΣΣΑ","MOLASSES","MÉLASSE","MELASSA","MELAZA","MELASSE","MELAÇO",,,,
226,"ΜΟΣΧΑΡΙ","BEEF","BOEUF","MANZO","CARNE DE VACA","RINDFLEISCH","CARNE",,,,
227,"ΜΟΥΣΤΑΡΔΑ","MUSTARD","MOUTARDE","SENAPE","MOSTAZA","SENF","MOSTARDA",,,,
228,"ΜΠΑΝΑΝΑ","BANANAS","BANANES","BANANE","PLÁTANOS","BANANEN","BANANAS",,,,
230,"ΜΠΕΙΚΟΝ","BACON","LARD","PANCETTA AFFUMICATA","TOCINO","SPECK","BACON",,,,
233,"ΟΡΟΣ ΓΑΛΑΚΤΟΣ","WHEY","PETIT LAIT","SIERO DI LATTE","SUERO","MOLKE","WHEY",,,,
235,"ΠΑΠΑΓΙΑ","PAPAYA","PAPAYE","PAPAIA","PAPAYA","PAPAYA","PAPAYA",,,,
236,"ΠΑΠΡΙΚΑ","PAPRIKA","PAPRIKA","PAPRICA","PAPRIKA","PAPRIKA","PAPRIKA",,,,
237,"ΠΑΤΑΤΑ","POTATO","POMME DE TERRE","PATATA","PATATA","KARTOFFEL","BATATA",,,,
240,"ΠΑΤΑΤΑΛΕΥΡΟ","POTATO FLOUR","FÉCULE DE POMMES DE TERRE","FECOLA DI PATATE","HARINA DE PATATA","KARTOFFELMEHL","FARINHA DE BATATA",,,,
241,"ΠΕΚΑΝ","PECAN","NOIX DE PÉCAN","PECAN","PACANA","PEKANNUSS","PECAN",,,,
242,"ΠΙΠΕΡΙ","PEPPER","POIVRE","PEPE","PIMIENTA","PFEFFER","PIMENTA",,,,
245,"ΡΑΒΕΝΤΙ","PIEPLANT","RHUBARBE","PIEPLANT","PIEPLANT","PIEPLANT","PIEPLANT",,,,
246,"ΡΑΠΑΝΑΚΙΑ","RADISH","RADIS","RAVANELLO","RÁBANO","RETTICH","RADISH",,,,
247,"ΡΟΔΑΚΙΝΑ","PEACH","PÊCHE","PESCA","MELOCOTÓN","PFIRSICH","PÊSSEGO",,,,
248,"ΡΥΖΑΛΕΥΡΟ","RICE FLOUR","FARINE DE RIZ","FARINA DEL RISO","HARINA DEL ARROZ","REIS-MEHL","FARINHA DO ARROZ",,,,
250,"ΡΥΖΙ","RICE","RIZ","RISO","ARROZ","REIS","ARROZ",,,,
252,"ΣΙΣΑΜΑΛΕΥΡΟ","SESAME FLOUR","FARINE DE SÉSAME","FARINA DEL SESAMO","HARINA DEL SÉSAMO","SESAM-MEHL","FARINHA DO SESAME",,,,
255,"ΣΙΣΑΜΙ","SESAME","SÉSAME","SESAMO","SÉSAMO","INDISCHER SESAM","SESAME",,,,
257,"ΣΙΡΟΠΙ ΣΥΚΩΝ","FIG SYRUP","SIROP DE FIGUE","SCIROPPO DEL FIG","JARABE DEL HIGO","FEIGE-SIRUP","SYRUP DO FIG",,,,
258,"ΣΙΤΑΡΙ","WHEAT","BLÉ","FRUMENTO","TRIGO","WEIZEN","TRIGO",,,,
260,"ΣΟΓΙΑ","SOYA","LE SOJA","SOIA","SOJA","SOJABOHNENÖL","SOYA",,,,
263,"ΣΟΛΟΜΟΣ","SALMON","SAUMONS","SALMONI","SALMONES","LACHSE","SALMÕES",,,,
264,"ΣΠΑΝΑΚΙ","SPINACH","ÉPINARDS","SPINACI","ESPINACA","SPINAT","SPINACH",,,,
265,"ΣΠΑΡΑΓΓΙΑ","ASPARAGUS","ASPERGE","ASPARAGO","ESPÁRRAGO","SPARGEL","ESPARGOS",,,,
266,"ΣΠΟΡΟΙ ΜΑΡΑΘΟΥ","FENNEL SEEDS","GRAINES DE FENOUIL","SEMI DEL FINOCCHIO","SEMILLAS DEL HINOJO","FENCHEL-SAMEN","SEMENTES DO FENNEL",,,,
270,"ΤΟΝΟΣ","TUNE","AIR","ARIA","CONSONANCIA","MELODIE","TUNE",,,,
288,"ΤΥΡΙ","CHEESE","FROMAGE","FORMAGGIO","QUESO","KÄSE","QUEIJO",,,,
292,"ΦΡΑΟΥΛΕΣ","STRAWBERRY","FRAISE","FRAGOLA","FRESA","ERDBEERE","STRAWBERRY",,,,
295,"ΠΗΚΤΙΝΗ","PECTIN","PECTINE","PECTINA","PECTINA","PEKTIN","PECTIN",,,,
297,"ΜΕΣΟ ΟΞΙΝΙΣΗΣ:ΜΗΛΙΚΟ ΟΞΥ","MALIC ACID","ACIDE MALIQUE","ACIDO MALICO","ÁCIDO MÁLICO","APFELSÄURE","ÁCIDO MALIC",,,,
298,"ΜΕΣΟ ΟΞΙΝΙΣΗΣ:ΚΙΤΡΙΚΟ ΤΡΙΝΑΤΡΙΟ","SODIUM CITRATE","CITRATE SODIQUE","CITRATO DI SODIO","CITRATO DE SODIO","NATRIUMZITRAT","CITRATO DE SODIUM",,,,
299,"ΓΑΛΑΚΤΙΚΟ ΟΞΥ","LACTIC ACID","ACIDE LACTIQUE","ACIDO LATTICO","ÁCIDO LÁCTICO","MILCHSÄURE","ÁCIDO LACTIC",,,,
300,"ΖΕΛΑΤΙΝΗ","GELATIN","GÉLATINE","GELATINA","GELATINA","GELATIN","GELATIN",,,,
301,"ΑΡΑΒΙΚΟ ΚΟΜΜΙ","GUM ARABIC","GOMME ARABIQUE","GOMMA ARABICA","ÁRABE DE LA GOMA","GUMMIARABIKUM","ÁRABE DO GUM",,,,
302,"ΑΣΚΟΡΒΙΚΟ ΟΞΥ","ASCORBIC ACID","ACIDE ASCORBIQUE","ACIDO ASCORBICO","ÁCIDO ASCÓRBICO","ASCORBINSÄURE","ÁCIDO ASCORBIC",,,,
304,"ΞΙΦΙΑΣ","SWORDFISH","ESPADONS","PESCI SPADA","PECES ESPADAS","SCHWERTFISCHE","SWORDFISH",,,,
305,"ΑΓΑΡ-ΑΓΑΡ","AGAR-AGAR","Agar-agar","Agar-agar","Agar-agar","Agar-Agar","Ágar-ágar",,,,
306,"ΑΓΓΟΥΡΙ","CUCUMBER","CONCOMBRE","CETRIOLO","PEPINO","GURKE","PEPINO",,,,
307,"ΑΛΓΙΝΙΚΑ ΑΛΑΤΑ","ALGINATES","ALGINATES","ALGINATI","ALGINATES","ALGINATE","ALGINATES",,,,
308,"ΑΜΑΡΑΝΘΟΣ","AMARANTH","AMARANTHE","AMARANTO","AMARANTO","AMARANT","AMARANTH",,,,
311,"ΑΣΤΑΚΟΣ","LOBSTER","LANGOUSTINE","ARAGOSTA","LANGOSTA","HUMMER","LAGOSTA",,,,
312,"ΑΥΓΟ ΓΑΛΟΠΟΥΛΑΣ","EGG,turkey","Oeuf, dinde","Uovo, tacchino","Huevo, pavo","Ei, Truthahn","Ovo, peru",,,,
313,"ΒΑΚΑΛΑΟΣ","COD","MORUE","MERLUZZO","BACALAO","KABELJAU","BACALHAU",,,,
315,"ΓΑΡΙΔΕΣ","PRAWN","CREVETTE ROSE","GAMBERETTO","GAMBA","GARNELE","CAMARÃO GRANDE",,,,
318,"ΓΛΩΣΣΑ","FLOUNDER","FLET","DIMENAMENTO","PLATIJA","SCHOLLE","SOLHA",,,,
319,"ΔΕΛΤΑ ΛΑΚΤΟΝΗ","DELTA LACTONE","LACTONE DE DELTA","LATTONE DI DELTA","LACTONA DEL DELTA","DREIECKSLAKTON","LACTONE DO DELTA",,,,
322,"ΕΛΙΕΣ","OLIVES","OLIVES","OLIVE","ACEITUNAS","OLIVEN","AZEITONAS",,,,
325,"ΚΑΒΟΥΡΟΨΥΧΑ","CRAB","CRABE","GRANCHIO","CANGREJO","KRABBE","CARANGUEJO",,,,
326,"ΚΑΖΕΙΝΙΚΟ ΝΑΤΡΙΟ","SODIUM CASEINATE","CASÉINATE DE SODIUM","CASEINATO DI SODIO","CASEINATE DE SODIO","NATRIUMKASEINAT","CASEINATE DE SODIUM",,,,
327,"ΚΑΚΑΟΜΑΖΑ","COCOA MASS","LA MASSE DE CACAO","MASSA DEL CACAO","MASA DEL CACAO","KAKAO-MASSE","MASSA DA CACAU",,,,
328,"ΚΑΛΑΜΑΡΙΑ","SQUID","CALMAR","CALAMARO","CALAMAR","KALMAR","CALAMAR",,,,
329,"ΚΑΡΑΓΕΝΑΝΗ","CARAGENAN","CARAGENAN","CARAGENAN","CARAGENAN","CARAGENAN","CARAGENAN",,,,
330,"CMC","CMC","CMC","CMC","CMC","CMC","CMC",,,,
331,"ΚΑΡΟΤΑ","CAROTS","CAROTS","CAROTS","CAROTS","CAROTS","CAROTS",,,,
332,"ΚΑΡΠΟΥΖΙ","WATER MELON","MELON D'EAU","ANGURIA","MELÓN DE AGUA","WASSERMELONE","MELON DE ÁGUA",,,,
333,"ΚΟΛΟΚΥΘΑΚΙΑ","COCZELLE","COCZELLE","COCZELLE","COCZELLE","COCZELLE","COCZELLE",,,,
334,"ΚΟΤΟΠΟΥΛΟ","CHICKEN","POULET","POLLO","POLLO","HUHN","GALINHA",,,,
337,"ΚΟΥΚΙΑ","BROAD BEANS PLANT","USINE DE FÈVES","PIANTA DELLE FAVE","PLANTA DE LAS HABAS","SAUBOHNE-BETRIEB","PLANTA DOS FEIJÕES LARGOS",,,,
338,"ΚΟΥΝΟΥΠΙΔΙ","CAULIFLOWER","CHOU-FLEUR","CAVOLFIORE","COLIFLOR","BLUMENKOHL","COUVE-FLOR",,,,
339,"ΚΟΧΛΙΟΙ","SNAIL","ESCARGOT","LUMACA","CARACOL","SCHNECKE","CARACOL",,,,
340,"ΚΡΑΣΙ","WINE","VIN","VINO","VINO","WEIN","VINHO",,,,
341,"ΚΡΕΜΟΡΙΟ","TARTARIC","TARTRIQUE","TARTARICO","TARTÁRICO","WEIN","TARTARIC",,,,
342,"ΚΡΕΜΥΔΙΑ","ONIONS","OIGNONS","CIPOLLE","CEBOLLAS","ZWIEBELN","CEBOLAS",,,,
344,"ΛΑΒΡΑΚΙ","BASSFISH","BASSFISH","BASSFISH","BASSFISH","BASSFISH","BASSFISH",,,,
345,"ΛΑΧΑΝΑΚΙΑ","BRUSSELS SPROUT","CHOU DE BRUXELLES","CAVOLINI DI BRUXELLES","COLES DE BRUSELAS","ROSENKOHL","SPROUT DE BRUXELAS",,,,
346,"ΛΕΜΟΝΑΔΑ ΣΚΟΝΗ","LEMONADE POWDER","POUDRE DE CITRONNADE","POLVERE DELLA LIMONATA","POLVO DE LA LIMONADA","LIMONADE-PUDER","PÓ DA LIMONADA",,,,
347,"ΛΟΥΚΑΝΙΚΑ ΓΑΛΟΠΟΥΛΑΣ ΚΑΠΝΙΣΤΑ","SAUSAGE TURKEY","SAUCISSE TURQUIE","SALSICCIA TURCHIA","SALCHICHA TURQUÍA","WURST DIE TÜRKEI","SAUSAGE TURQUIA",,,,
348,"ΛΟΥΚΑΝΙΚΑ ΜΟΣΧΑΡΙΣΙΑ","SAUSAGE BEEF","BOEUF DE SAUCISSE","MANZO DELLA SALSICCIA","CARNE DE VACA DE LA SALCHICHA","WURST-RINDFLEISCH","CARNE DO SAUSAGE",,,,
350,"ΛΟΥΚΑΝΙΚΑ ΧΟΙΡΙΝΑ","SAUSAGE PORK","PORC DE SAUCISSE","PORCO DELLA SALSICCIA","CERDO DE LA SALCHICHA","WURST-SCHWEINEFLEISCH","CARNE DE PORCO DO SAUSAGE",,,,
352,"ΜΑΓΙΟΝΕΖΑ","MAYONASE","MAYONASE","MAYONASE","MAYONASE","MAYONASE","MAYONASE",,,,
357,"ΜΑΡΟΥΛΙΑ","LETTUCE","LAITUE","LATTUGA","LECHUGA","KOPFSALAT","ALFACE",,,,
358,"ΜΕΛΙΤΖΑΝΕΣ","EGGPLANT","AUBERGINE","MELANZANA","BERENJENA","AUBERGINE","EGGPLANT",,,,
359,"ΜΗΛΑ","APPLES","POMMES","MELE","MANZANAS","ÄPFEL","MAÇÃS",,,,
361,"ΜΗΛΟ ΑΠΟΞΗΡΑΜΕΝΟ","APPLE POWDER","POUDRE DE APPLE","POLVERE DEL APPLE","POLVO DE APPLE","APPLE PUDER","PÓ DE APPLE",,,,
364,"ΜΟΡΤΑΔΕΛΛΑ","MORTADELLA","MORTADELLE","MORTADELLA","MORTADELA","MORTADELLA","MORTADELLA",,,,
368,"ΜΠΑΜΙΕΣ","GUMBO","GOMBO","GUMBO","GUMBO","GUMBO","GUMBO",,,,
369,"ΜΠΑΡΜΠΟΥΝΙ","BARBEL","BARBEL","BARBEL","BARBEL","BARBEL","BARBEL",,,,
370,"ΜΠΡΑΝΤΥ","BRANDY","EAU-DE-VIE FINE","BRANDY","BRANDY","WEINBRAND","CONHAQUE",,,,
371,"ΜΠΡΟΚΟΛΟ","BROCCOLI","BROCCOLI","BROCCOLO","BRÓCULI","BROKKOLI","BRÓCULOS",,,,
373,"ΝΙΦΑΔΕΣ ΒΑΤΟΜΟΥΡΟΥ","MURE FLACES","MURE FLACES","MURE FLACES","MURE FLACES","MURE FLACES","MURE FLACES",,,,
374,"ΝΙΦΑΔΕΣ ΚΑΡΟΤΟΥ","CAROT FLAKES","FLOCONS DE CAROT","FIOCCHI DI CAROT","ESCAMAS DE CAROT","CAROT FLOCKEN","FLOCOS DE CAROT",,,,
375,"ΝΙΦΑΔΕΣ ΜΗΛΟΥ","APPLE FLAKES","FLOCONS DE APPLE","FIOCCHI DEL APPLE","ESCAMAS DE APPLE","APPLE FLOCKEN","FLOCOS DE APPLE",,,,
376,"ΝΤΟΜΑΤΑ ΣΚΟΝΗ","TOMATO FLAKES","FLOCONS DE TOMATE","FIOCCHI DEL POMODORO","ESCAMAS DEL TOMATE","TOMATE-FLOCKEN","FLOCOS DO TOMATE",,,,
377,"ΝΤΟΜΑΤΕΣ","TOMATO","TOMATE","POMODORO","TOMATE","TOMATE","TOMATE",,,,
380,"ΟΡΟΣ ΓΑΛΑΚΤΟΣ ΣΚΟΝΗ","WHEY POWDER","POUDRE DE PETIT LAIT","POLVERE DEL SIERO DI LATTE","POLVO DEL SUERO","MOLKE-PUDER","PÓ DO WHEY",,,,
382,"ΠΑΝΤΖΑΡΙΑ","BEET","BETTERAVE","BARBABIETOLA","REMOLOCHA","ROTE RÜBE","BETERRABA",,,,
392,"ΡΕΒΥΘΙΑ","CHICK-PEA","Pois chiche","Cece","Garbanzo","Kichererbse","Grão-de-bico",,,,
394,"ΡΟΥΜΙ","RUM","RHUM","RUM","RON","RUM","RUM",,,,
395,"ΣΑΛΑΜΙ ΧΟΙΡΙΝΟ","SALAMI PORK","PORC DE SALAMI","PORCO DEL SALAME","CERDO DEL SALAMI","SALAMI-SCHWEINEFLEISCH","CARNE DE PORCO DO SALAMI",,,,
396,"ΣΑΡΔΕΛΛΑ","SARDINE","SARDINE","SARDINA","SARDINA","SARDINE","SARDINHA",,,,
397,"ΣΕΛΙΝΟ","CELERY","CÉLERI","SEDANO","APIO","SELLERIE","AIPO",,,,
398,"ΣΙΚΑΛΗ","RYE","SEIGLE","SEGALE","CENTENO","ROGGEN","CENTEIO",,,,
399,"ΣΙΡΟΠΙ ΠΑΓΩΤΟΥ","ICE CREAM SYRUP","SIROP DE CRÊME GLACÉE","SCIROPPO DEL GELATO","JARABE DEL HELADO","EISCREME-SIRUP","SYRUP DO CREME DE GELO",,,,
401,"ΣΚΟΡΔΟ","GARLIC","AIL","AGLIO","AJO","KNOBLAUCH","GARLIC",,,,
402,"ΣΚΟΡΔΟ ΣΚΟΝΗ","GARLIC powder","Poudre d'AIL","Polvere dell'AGLIO","Polvo del AJO","KNOBLAUCH-Puder","Pó do GARLIC",,,,
404,"ΣΟΥΠΙΕΣ","CUTTLEFISH","SEICHES","SEPPIE","JIBIAS","KOPFFÜSSER","CHOCOS",,,,
408,"ΣΤΑΦΙΔΑ ΣΟΥΛΤΑΝΙΝΑ","RAISINS","RAISINS SECS","UVA PASSA","PASAS","ROSINEN","RAISINS",,,,
409,"ΣΤΑΦΙΔΕΣ","RAISINS","RAISINS SECS","UVA PASSA","PASAS","ROSINEN","RAISINS",,,,"suvo grozje"
411,"ΣΥΚΑ ΞΕΡΑ ","FIG DRY","FIGUE SÈCHE","FIG ASCIUTTO","HIGO SECO","FEIGE TROCKEN","FIG SECO",,,,
412,"ΣΥΚΩΤΙ","LIVER","FOIE","FEGATO","HÍGADO","LEBER","FÍGADO",,,,
413,"Συντηρητικό ΒΕΝΖΟΙΚΟ","Preservative VENZOIC","Préservatif VENZOIC","Preservativo VENZOIC","Preservativo VENZOIC","Konservierungsmittel VENZOIC","Preservativo VENZOIC",,,,
414,"Συντηρητικό ΠΡΟΠΙΟΝΙΚΟ","Preservative PROPIONIC","Préservatif PROPIONIQUE","Preservativo PROPIONICO","Preservativo PROPIONIC","Konservierungsmittel PROPIONIK","Preservativo PROPIONIC",,,,
416,"ΤΟΝΟΣΑΛΑΤΑ","TUNE","AIR","ARIA","CONSONANCIA","MELODIE","TUNE",,,,
418,"ΤΡΥΓΙΚΟ ΟΞΥ","TARTARIC ACID","ACIDE TARTRIQUE","ACIDO TARTARICO","ÁCIDO TARTÁRICO","WEINSÄURE","ÁCIDO TARTARIC",,,,
419,"ΦΑΚΕΣ","LENTIL","LENTILLE","LENTICCHIA","LENTEJA","LINSE","LENTIL",,,,
424,"ΧΟΙΡΙΝΟ","PORK MEAT","VIANDE DE PORC","CARNE SUINA","CARNE DE CERDO","SCHWEINEFLEISCH","CARNE DE CARNE DE PORCO",,,,
428,"ΧΤΑΠΟΔΙ","OCTAPUS","OCTAPUS","OCTAPUS","OCTAPUS","OCTAPUS","OCTAPUS",,,,
429,"ΓΑΛΑ ΦΥΤΙΚΑ ΛΙΠΑΡΑ ΣΚΟΝΗ 26%","MILK POWDER-VEGETABLE FATS 26%","GRAISSES De Poudre-légume de LAIT 26%","GRASSI Della Polvere-verdura del LATTE 26%","GRASAS Del Polvo-vehi'culo de la LECHE El 26%","MILCH Puder-Gemüse FETTE 26%","GORDURAS Do Pó-vegetal do LEITE 26%",,,,
430,"ΔΗΜΗΤΡΙΑΚΑ ΟΛΙΚΗΣ","CEREALS","CÉRÉALES","CEREALI","CEREALES","GETREIDE","CEREAIS",,,,
431,"ΠΡΑΣΣΟ","LEEK","POIREAU","PORRO","PUERRO","LAUCH","LEEK",,,,
432,"ΦΑΣΟΛΑΚΙΑ","FRESH BEAN","HARICOT FRAIS","FAGIOLO FRESCO","HABA FRESCA","FRISCHE BOHNE","FEIJÃO FRESCO",,,,
433,"ΦΑΣΟΛΙΑ","BEAN","HARICOT","FAGIOLO","HABA","BOHNE","FEIJÃO",,,,
434,"ΧΟΡΤΑ","GREENS","VERTS","VERDI","VERDES","GRÜNS","VERDES",,,,
435,"ΚΑΡΥΚΕΥΜΑΤΑ","FLAVOURS","SAVEURS","SAPORI","SABORES","AROMEN","SABORES",,,,
436,"ΑΡΑΚΑΣ","PEAS","POIS","PISELLI","GUISANTES","ERBSEN","ERVILHAS",,,,
437,"ΑΚΤΙΝΙΔΙΟ","KIWI","KIWI","KIWI","KIWI","KIWI","QUIVI",,,,
438,"ΑΝΑΝΑΣ","PINEAPPLE","ANANAS","ANANAS","PIÑA","ANANAS","ABACAXI",,,,
440,"ΔΥΟΣΜΟΣ","SPEARMINT","MENTHE VERTE","MENTA VERDE","MENTA VERDE","GRÜNE MINZE","SPEARMINT",,,,
441,"ΚΑΛΑΜΠΟΚΙ","CORN","MAÏS","CEREALE","MAÍZ","MAIS","MILHO",,,,
442,"ΚΑΣΤΑΝΑ","MARRONS","MARRONS","MARRONS","MARRONS","MARRONS","MARRONS",,,,
443,"ΚΕΤΣΑΠ","KETCHUP","KETCHUP","KETCHUP","SALSA DE TOMATE","KETSCHUP","KETCHUP",,,,
444,"ΚΟΥΚΟΥΝΑΡΙ","CONE","CÔNE","CONO","CONO","KEGEL","CONE",,,,
445,"ΚΥΔΩΝΙΑ","QUINCE","COING","COTOGNA","MEMBRILLO","QUITTE","QUINCE",,,,
446,"ΜΑΙΝΤΑΝΟΣ","PARSLEY","PERSIL","PREZZEMOLO","PEREJIL","PETERSILIE","PARSLEY",,,,
447,"ΜΑΝΤΑΡΙΝΙ","MANDARIN","MANDARINE","MANDARINO","MANDARÍN","MANDARINE","MANDARIN",,,,
449,"ΜΥΔΙΑ ΨΥΧΑ","CLAM","PALOURDE","MOLLUSCO","ALMEJA","MUSCHEL","MOLUSCOS",,,,
450,"ΞΥΔΙ","VINEGAR","VINAIGRE","ACETO","VINAGRE","ESSIG","VINAGRE",,,,
451,"ΠΑΣΤΟΥΡΜΑΣ","SEASONED BEEF MEAT","VIANDE CHEVRONNÉE DE BOEUF","CARNE SEASONED DEL MANZO","CARNE CHEVRONNÉ DE LA CARNE DE VACA","REIFES RINDFLEISCH-FLEISCH","CARNE SEASONED DA CARNE",,,,
452,"ΠΕΠΟΝΙ","MELON","MELON","MELONE","MELÓN","MELONE","MELON",,,,
453,"ΠΕΡΚΑ ΦΙΛΕΤΟ","PERCH","PERCHE","PERTICA","PERCA","STANGE","VARA",,,,
455,"ΠΛΙΓΟΥΡΙ","GROATS","GRUAUX","CHICCHI","AVENAS MONDADAS","GRÜTZEN","GROATS",,,,
457,"ΡΟΔΙΑ","POMEGRANATE","GRENADE","MELOGRANO","GRANADA","GRANATAPFEL","POMEGRANATE",,,,
458,"ΣΤΑΦΥΛΙΑ","GRAPE","RAISIN","UVA","UVA","TRAUBE","UVA",,,,
460,"ΣΥΝΑΓΡΙΔΑ","SEA BREAM","DORADE","ABRAMIDE","BREMA DE MAR","SEEBRACHSEN","BREMA DE MAR",,,,
461,"ΤΑΡΑΜΑΣ","PRESERVED FISH ROE","OEUFS DE CONSERVES DE POISSONS","UOVO DI PESCE DEI PESCI CONSERVATI","HUEVAS PRESERVADAS DE LOS PESCADOS","KONSERVIERTER FISCH-ROGEN","ROE PRESERVADOS DOS PEIXES",,,,
462,"ΠΙΠΕΡΙΕΣ","PEPER",,,,,,,,,
463,"ΧΡΩΜΑ Ε120","COLOR Ε120","Ε120","Ε120","Ε120",,"Ε120",,,,
464,"ΛΙΝΑΡΙ",,,,,,,,,,
465,"ΤΖΕΛ ΟΥΔΕΤΕΡΟ",,,,,,,,,,
468,"ΧΡΩΜΑ Ε124","COLOR Ε124","Ε124","Ε124","Ε124","Ε124","Ε124","Ε124","Ε124","Ε124","Ε124"
469,"ΧΡΩΜΑ Ε100","COLOR Ε100","Ε100","Ε100","Ε100","Ε100","Ε100","Ε100","Ε100","Ε100","Ε100"
470,"ΧΡΩΜΑ Ε102","COLOR Ε102","Ε102","Ε102","Ε102","Ε102","Ε102","Ε102","Ε102","Ε102","Ε102"
471,"ΧΡΩΜΑ Ε133","COLOR Ε133","Ε133","Ε133","Ε133","Ε133","Ε133","Ε133","Ε133","Ε133","Ε133"
472,"ΧΡΩΜΑ Ε150","COLOR Ε150","Ε150","Ε150","Ε150","Ε150","Ε150","Ε150","Ε150","Ε150","Ε150"
473,"ΧΡΩΜΑ Ε171","COLOR Ε171","Ε171","Ε171","Ε171","Ε171","Ε171","Ε171","Ε171","Ε171","Ε171"
474,"ΓΛΥΚΕΡΙΝΗ","GLYCERINE","GLYCΙRINE","GLICERINA","GLICERINA","GLYCERIN","GLYCERINE",,,,
475,"ΝΑΤΡΙΟ","SODIUM",,,,,,,,,
476,"ΜΠΥΡΑ","BEER",,,,,,,,,
478,"ΓΑΛ/ΤΗΣ Ε472e","EMULSIFIER Ε472e",,,,,,,,,
479,"ΑΛΕΥΡΙ-ΖΑΧΑΡΗ-ΑΥΓΟ ΣΚΟΝΗ-ΓΑΛΑ ΣΚΟΝΗ 1%",,,,,,,,,,
480,"ΑΛΕΥΡΙ","FLOUR",,,,,,,,,
481,"Ηδυποτο",,,,,,,,,,
482,"Μιγμα(Ζάχαρη,Αλεύρι σίτου,αυγό πλήρες σκόνη,κακαο,",,,,,,,,,,
483,"Κυτταρίνη","Cellolouose",,,,,,,,,
484,"Πάστα Μόκα(Αμυλοσιρόπιο,καφές,φυτ.λιπαρά,Χρωσ.Ε150",,,,,,,,,,
485,"Παστα Φυστίκι(Ζαχαρ,Αμυλοσιροπ,Φυστικια,Αμυγδαλα)",,,,,,,,,,
486,"Πάστα καραμέλα(Ζαχαρη,Χρωστ Ε150)",,,,,,,,,,
487,"Πάστα Βατόμουρο(",,,,,,,,,,
488,"Επικάλυψη καραμέλα(Αμυλοσιρ,Ζαχαρη,ΤροπΑμυλο,Χρ.Ε1",,,,,,,,,,
489,"Επικάλυψη φρούτου (Φρουτο45%,Ζαχαρη,Αμυλοσιρόπιο,Τροποπ.Αμυλο,Χρωστικές¨….)",,,,,,,,,,
490,"ΛΑΧΑΝΙΚΑ","VEGETABLES",,,,,,,,,
491,"CORN FLAKES","CORN FLAKES",,,,,,,,,
492,"ΒΙΟΛΟΓΙΚΟ ΑΛΕΥΡΙ","ORGANIC FLOUR",,,,,,,,,
